dist,sites,pi,pi_lower,pi_upper,theta_W,theta_W_lower,theta_W_upper,tajima,tajima_lower,tajima_upper,xsi,xsi_lower,xsi_upper,fwh,fwh_lower,fwh_upper
,7888.0,0.006116446578631454,0.005031679043455345,0.006972057289408843,0.0074777532327154035,0.006291690050942565,0.008463663295510371,-0.6460760278859597,-0.875054153365091,-0.4231184579664399,0.6919584954604409,0.6296732026143791,0.752043010752688,0.0037254212029639443,0.00289190054961547,0.0050940075278231595
1e-20,158123.0,0.0061558845884248994,0.005837486954723023,0.006516740689549817,0.006708854575653842,0.0064624310447060655,0.006988161943749747,-0.2867020889201898,-0.3773919363428535,-0.1997299052281526,0.7511693779904307,0.7383684268548119,0.7655759537572255,0.0056667381257189745,0.005270660362242348,0.00616829501702535
0.08423255810757291,1393665.0,0.006389773198943882,0.006269496978915495,0.006502519327689802,0.006965000881849537,0.006876698328699527,0.0070366289082692,-0.28748189927717727,-0.32515414295056494,-0.2451516454444824,0.7539761793006339,0.748957995773994,0.7588677595628416,0.006155390166743581,0.005950084303563797,0.006350106841963508
0.17556024006049165,2024493.0,0.006691672070639969,0.006566148631210238,0.006782082076693001,0.0071872616683115,0.0071060248969135945,0.007261949765708981,-0.23725651268193576,-0.26511320795925564,-0.21000224786970303,0.7606211043484636,0.75610063050754,0.7667561987268641,0.006720786540690657,0.006496853560046139,0.006867550388804495
0.27458068629033927,2724158.0,0.007135203626521047,0.007006685385296559,0.007235572270775371,0.007500287329517447,0.007423448332025328,0.0075578060784328585,-0.1625501135014802,-0.19308080736536495,-0.1337367690717583,0.7525695195810073,0.7482678411610918,0.7571788158210957,0.007093405577437288,0.00695335955244641,0.007240067275571321
0.3819418780110806,3699665.0,0.007135054836873401,0.007068970996172794,0.007218366670591263,0.007531739776138754,0.007480163262564317,0.007593627402801239,-0.1772612224892957,-0.20270917690781995,-0.15123474573757786,0.7541050536184425,0.750266699144475,0.7580227730788445,0.007033994169963044,0.006891302096598653,0.007114838077010801
0.49834637755193745,4124788.0,0.007459796523766426,0.0073731523772051855,0.007547211593844054,0.007787906102549903,0.007714577070762141,0.007855113636985352,-0.1384370665605843,-0.1548149673720401,-0.11701693616389769,0.7515596320133973,0.7482512938181455,0.7556844992770564,0.007321509837200689,0.007182920300636169,0.007447489134166881
0.6245559258643523,5080480.0,0.007501179544661374,0.007424691547630622,0.007580699743523189,0.00784030079260718,0.007792352163403673,0.007904441732767734,-0.14257500889181315,-0.16725115402813634,-0.1213156414491245,0.7550889372728372,0.7518798438452404,0.7590154851158553,0.0075176568564628635,0.00739639566128549,0.007631690599135569
0.7613964272887233,5493461.0,0.007667936665138454,0.007595199589148347,0.0077567458733881975,0.007939462183437544,0.007889697535724821,0.007996445224219712,-0.10921658923882825,-0.12839371877584757,-0.08948767060350664,0.7547599534259972,0.7522124644443798,0.7572081295813972,0.007704915397578677,0.007549362506739842,0.0078013265296541295
0.9097633542007921,5930046.0,0.007706793918458572,0.007640348884941401,0.007774602108993077,0.007962558768515923,0.007916603451621033,0.008011562006918778,-0.10155859482684289,-0.11697833813543444,-0.08025863082673752,0.7519326670385604,0.7481925769026746,0.7552862593372641,0.007672816276532722,0.007560666289905864,0.007783134838634123
1.0706276069052238,6947532.0,0.007827260861284623,0.007763233221833194,0.007894410877131662,0.008067529735133028,0.008011516771405852,0.008121920150090093,-0.09294209466646203,-0.11139063366910405,-0.07382432528803178,0.751182509795741,0.7484115139011691,0.7544344629892902,0.007741303924140813,0.007647644302194167,0.007832913988915204
1.245041867123013,6905757.0,0.007898566665582982,0.007835476488164544,0.007961266780359662,0.008146925635418927,0.008105132278406962,0.008197844298351237,-0.0955314112049102,-0.11098307748395203,-0.07811758930960927,0.7506812998153037,0.7470230711199073,0.7538603315438114,0.007782523172702284,0.007650799600400392,0.007880260537479125
1.434147486649386,7318550.0,0.00797569240812311,0.007899239000714948,0.008047762693259195,0.008184560320623856,0.008135740752633937,0.008230520796449379,-0.07723764141823607,-0.09673115442140641,-0.06009947409278473,0.7503634391594499,0.7480283742154995,0.7537478818369547,0.007891546822799599,0.007789893755417765,0.007997587139519032
1.639181956260983,7810340.0,0.008060102429364568,0.007994710222118395,0.008124869570791513,0.008232197821717819,0.008184626890704939,0.008272087773224421,-0.060235794306327674,-0.07745978029968327,-0.04385783103821167,0.7501534181982753,0.747880932467491,0.7530461763095455,0.008034772951168395,0.007939540868967365,0.008126265762948283
1.861487003748194,8879306.0,0.00793454776206839,0.00787471061371718,0.007999882911051658,0.008173620258898357,0.00813023024835089,0.008223736432045525,-0.09097883879160124,-0.10737358867146189,-0.0747735455028655,0.7523368682627587,0.7500222254125045,0.755503246696543,0.00793488976342456,0.007847003701168987,0.00804497515611628
2.102517374065479,9072196.0,0.00814072593057842,0.008077730840458933,0.008210633110681235,0.008307268538834152,0.008268656533327754,0.00834878574433784,-0.05707712271608449,-0.0746025957260728,-0.041270232585160466,0.7500613492756358,0.7470528748503799,0.7519962963832708,0.008099196035618171,0.008013002705592914,0.008191359355414396
2.3638503490562037,10273942.0,0.008158095182423055,0.008090376302157887,0.008221298024387704,0.0083591097679975,0.008313523836131128,0.008399605359113922,-0.07181309889847498,-0.091861340065407,-0.05601103883703597,0.7509107734121812,0.7482527792214602,0.7532736008922751,0.008094343486677666,0.007999041877316239,0.008177620653766185
2.64719606904826,9597400.0,0.008166853522829098,0.008109172903860162,0.008218314763003654,0.008322696822174267,0.008283189234598982,0.008364585903201776,-0.05220373098970801,-0.06943373732519863,-0.038096049249766235,0.7481901376135812,0.7458962555404028,0.7502181748685891,0.008133037221390318,0.008041828232691286,0.008222459890190334
2.9544087238640793,10641087.0,0.00814428918736576,0.008087389274169571,0.008204294615419177,0.008349054802365884,0.008299448499782395,0.008390025894134843,-0.07357513132284321,-0.09000317127591322,-0.055368321632693306,0.7509497480126675,0.7490160634368637,0.7532017658494337,0.008125016950326403,0.008018118065278891,0.008215327689072977
3.287498686478054,10579682.0,0.008291630107211007,0.008224665221891187,0.008356564955222901,0.008453371762345925,0.008396853328113704,0.008495683722754643,-0.0537080946232805,-0.06928226981225079,-0.03933230507213477,0.7507503950735503,0.7484160607289939,0.7525952707356771,0.008225922025224715,0.00812484044845307,0.008291316287916146
3.64864566872296,11483957.0,0.008288582631458152,0.008237839179843564,0.008350354556999012,0.008446520510209115,0.008401129211612315,0.008488596915589017,-0.05210609148760071,-0.06826525501289413,-0.03429317841711805,0.7504799309127774,0.7476185521951426,0.7527144808737138,0.008227281141608494,0.008157850924041667,0.008301215986169994
4.040212985135184,12016043.0,0.00831872366173205,0.008256489183084541,0.008378818168838207,0.008478305320865834,0.008448554181225587,0.008517270649686751,-0.05256216699688443,-0.06784997236492213,-0.03722580023098663,0.7508994575900739,0.749248823620922,0.7534235859169717,0.008325864047603961,0.008252110162513905,0.008403274404205598
4.4647630182801255,12158394.0,0.0083425803420674,0.008266363235435566,0.008397782968707381,0.008500545840916768,0.00845265042780016,0.008547211269671926,-0.05168023658172682,-0.06994395320874933,-0.0367371720773717,0.7499734550334864,0.7474511419083133,0.7523104859002874,0.008302629576953423,0.008208061677988104,0.008370781453175675
4.925073986761522,12399867.0,0.008317827398421913,0.00825991853986206,0.008373190146039596,0.008495420718261279,0.008454261288409315,0.00853858497566074,-0.06023398162959071,-0.07488894499352464,-0.047759264235508206,0.7511544227886057,0.749286553034417,0.7532511749195183,0.008315060021800795,0.008220460687778321,0.008398164197436513
5.424158125643081,12322768.0,0.008310835119286875,0.008250245012466,0.008364313863932661,0.008487712254899558,0.008449369950171488,0.008530433298531127,-0.05999304268814858,-0.07170041073235389,-0.04710211298334592,0.7510053302159796,0.7488840547509605,0.7533607076564138,0.008259984630540337,0.008183931933161451,0.008338748773714802
5.965281398253548,12145306.0,0.008325560912006596,0.00828778313598837,0.008395539235290704,0.008499272868084386,0.008457912996723558,0.008553776023444638,-0.05851651066676821,-0.06903664779529345,-0.044036023488940146,0.7509066310490087,0.7486601219955,0.7530077634571023,0.008330784194758547,0.008239289370276482,0.008421852040912484
6.551984868367538,12285971.0,0.008375677478991681,0.00831205553551131,0.00842860742163956,0.008543855835630373,0.008501635582479282,0.008589236942014654,-0.05573730043954709,-0.06860972933775569,-0.04007606496498253,0.7506493423776311,0.7486882698042265,0.7527693231575638,0.008378743195663358,0.008284148615642556,0.008461936541234562
7.188107872619819,12803826.0,0.00834832057867958,0.008286944326312898,0.008404923532208725,0.008522698729288014,0.008486302665074547,0.008561624521462247,-0.05859754935086164,-0.07356315469778868,-0.04615726876067246,0.7509606912600826,0.7487290794999568,0.7528902572567675,0.00834623013209856,0.008244537279756266,0.008414398371108273
7.877813144791343,12984940.0,0.008263239395415156,0.008211588176348318,0.008316091600045974,0.008458593565022234,0.00842261288485619,0.008505112339792592,-0.06830561408529552,-0.08182500137283544,-0.05214875772212078,0.7522932432254837,0.7502416867810929,0.7540350766663417,0.008281537767629897,0.008208138377081522,0.00836040846386004
8.625614056378152,13229625.0,0.008345539650594782,0.008302395152091972,0.008394961448634948,0.008526787996644539,0.008489782338033899,0.008560093038276737,-0.061530000150434215,-0.07356025964659635,-0.04869262732642289,0.7515027674502801,0.7498525742833322,0.7537013778432728,0.008334128526095094,0.008258195673617926,0.00840688141371773
9.436404151703096,14403132.0,0.008311611838937501,0.008250126721885161,0.008349625229039858,0.008499494300834104,0.00846460788608897,0.008527080328433356,-0.06465731176069617,-0.08037913366274231,-0.054174345231630776,0.7529618949442706,0.7512241106447395,0.7548332391731077,0.008282545371778463,0.008194178027325506,0.008351596828388175
10.315489170845543,13469111.0,0.008299204159860017,0.00825387196119113,0.008344517080045997,0.008507621388073964,0.008472659737637863,0.008541008822057269,-0.07347248613846405,-0.08579226547299222,-0.06031752899945287,0.752369190544056,0.7496900107865404,0.7543700455819607,0.008274981843983011,0.008204662766714136,0.008349567785760681
11.268621769944403,14715304.0,0.008398356054960171,0.008343665395717625,0.008449793843967516,0.008537649421973117,0.008498843031009354,0.008574734730425823,-0.043324837340912754,-0.05705103844691988,-0.028989012553588704,0.7480055086971699,0.746439015057694,0.7499263066386728,0.00829409763897948,0.008217358803534735,0.008373417870029966
12.30203916608108,14548177.0,0.008370079015426343,0.008317860368504874,0.008419640074430183,0.008537990605233399,0.00849642557137035,0.008579377601331813,-0.055672062998502365,-0.07085734159383038,-0.041670287621829644,0.7519452080023309,0.750031285684164,0.754025410365748,0.008351668236858956,0.008267868951751082,0.008422536635911788
13.422503953087217,14797896.0,0.008385899107355722,0.008338855927488429,0.00845117889422759,0.00855384984111342,0.008525593542334318,0.00859212233614624,-0.055554587282458746,-0.06753948448422188,-0.04032570624188089,0.7497240615162241,0.7481329674987112,0.7512288654424053,0.008334296404608562,0.008243038609994802,0.008408924175961481
14.637348355372337,14308052.0,0.008319911225440027,0.008237310447724659,0.008368007568289834,0.0085031354971172,0.008444293127713633,0.008534889566705629,-0.06260404369656786,-0.07580422463954124,-0.050101238629096295,0.752121974362678,0.7503838141787413,0.7540940990412175,0.00832113673775138,0.008220391416666598,0.008387852988238246
15.954522209364598,15749277.0,0.008395785885981968,0.008354119502090881,0.008450955457865318,0.008576170806409527,0.008545737143122312,0.0086106915608885,-0.060708169318636644,-0.07295148740306893,-0.046108933065106876,0.7523539497410744,0.7502673746130851,0.7540388784447108,0.008375788025970063,0.008310800981670242,0.008458578888949542
17.38264498655104,15025582.0,0.008399760909529536,0.008348741933234798,0.008450469197241385,0.008566613030721088,0.008526478572618337,0.008598884356819448,-0.05497431202066248,-0.06768108466544094,-0.0425823958543876,0.7495835067120763,0.7478041789694889,0.7515826016975394,0.008350290123842913,0.008275385023332216,0.008421375217411684
18.931062198551583,15648605.0,0.008429609605482927,0.00838260718172906,0.008483635224301756,0.00860723737664396,0.008573398543294142,0.008640093955052244,-0.05924823937730505,-0.07048655829158249,-0.04755862849491436,0.7518553676806512,0.7502049384097448,0.7534103061411738,0.008415138940891055,0.008345910012901503,0.008489879089668678
20.60990655333673,16598206.0,0.00840561763489527,0.008359945704438498,0.00845501696987973,0.008595674893813363,0.008565660578065716,0.008628456776690562,-0.06467824570943011,-0.0767985091915317,-0.05242693474863086,0.7507054900593956,0.7487727986719526,0.7523295973125498,0.008365892466367285,0.008305062268832472,0.00843233025855037
22.43016426278989,16148291.0,0.00846397369257723,0.008404585495049539,0.008518046354018564,0.008610446842566042,0.00857749312643915,0.008645450968949999,-0.04588886783646351,-0.060289674170478334,-0.03106796886151342,0.7508304123802481,0.7491512702839873,0.7526875103443769,0.008458982199568298,0.008386365123026759,0.008543398985347502
24.40374693552532,16498225.0,0.008444933603092303,0.008377193625091404,0.008494014326719191,0.008597998217500234,0.008558142446016583,0.008635645962321302,-0.04880418460065571,-0.0636092148996552,-0.03625451650748469,0.7502744581218798,0.7487890997406462,0.752249655367271,0.008365166654755469,0.008257990005415987,0.008456641512922658
26.54356952542202,16301578.0,0.008460141486089912,0.008413689925455521,0.008513318483839481,0.008633518444576459,0.008599897469224939,0.00867031330563602,-0.05720273740366808,-0.06919955071132283,-0.04372398391123699,0.7504838952718348,0.7487156306170027,0.7519817370977715,0.008386788977967505,0.008310856263832668,0.008448099845801381
28.863634845962107,17386035.0,0.008523529537191363,0.008479331207402593,0.008565804312338443,0.008668124781352926,0.008636474500277049,0.00869815214701982,-0.04467363194719912,-0.05384563612474644,-0.03460835573263858,0.748998467728003,0.7469954256356024,0.7506250625632974,0.008481648023126327,0.008409248418318806,0.008559861424664878
31.379125203427954,16788758.0,0.008546337826241849,0.008502209154010355,0.00859642500774318,0.008682343816957601,0.008648766471418294,0.008717972056935959,-0.040928069603163114,-0.05111621671885128,-0.029429323224887123,0.7513411123461209,0.7491235218348948,0.7531043418388867,0.008549429107652311,0.008476734417513692,0.00863998989111331
34.10650174859808,17385811.0,0.008531427925299992,0.00848427767810421,0.008566934406863923,0.008678079108097855,0.008648637098638869,0.00870396811168632,-0.045476011778364994,-0.05626759410629639,-0.035637648031191536,0.7506832399721962,0.7494457411181652,0.7521136329350899,0.008469747601674044,0.008421303471009726,0.008534501846670086
37.06361219709048,16848246.0,0.008570974045824917,0.008514580533290232,0.008622061410347255,0.00872245211796404,0.008690690020884836,0.008759315387302586,-0.047198161976152134,-0.05890508781806807,-0.036294121977687416,0.7504503922819926,0.7488773578095279,0.7524657867142178,0.008565416439509855,0.008480101419009508,0.008653302157945523
40.269807623266026,17783432.0,0.008635740392564066,0.008593866965190702,0.008693149629234863,0.008755179943745962,0.0087208772898469,0.008791608821658239,-0.03347635378578256,-0.04360743225620854,-0.021208821240624145,0.7486913655305472,0.7472075293469652,0.7504114824585093,0.008554564169845376,0.008478723519181691,0.008634474130646568
43.746069091981134,17894229.0,0.008570307493994806,0.008529276118440204,0.008623959717874798,0.008725109209068601,0.008692352845111198,0.008751491242093417,-0.048582185381195325,-0.05832772804454523,-0.037713875729496776,0.7504874662355568,0.7491175062166205,0.7521096195007507,0.008542371911283436,0.008478797820006276,0.008605097036166718
47.515144956856915,18869666.0,0.008638058694254555,0.008580172187595238,0.00868702338686944,0.008783004680789262,0.008747085670971403,0.008814501000046087,-0.04401689385840781,-0.05826892691516566,-0.03256339482474263,0.7512924424299304,0.7498811503795538,0.7529594424625192,0.008627036057744309,0.008568254689247275,0.008694935439701741
51.60169972353269,18311065.0,0.008635692268526136,0.00858790186011801,0.008683246331200413,0.008790117510440442,0.008754588633975957,0.008817207607436256,-0.04794094770729377,-0.059268039388870535,-0.034749906524770724,0.752354307658409,0.750182157801108,0.7541509791908014,0.008666541464498797,0.008601929040479192,0.008731601117411428
56.03247545205226,18491637.0,0.00860516867761378,0.008566057104764355,0.00865544716291686,0.008776858375017273,0.008751803893022504,0.008811477570273292,-0.05528611897425432,-0.06404517116954159,-0.04257779129771025,0.752089832761397,0.7507949779649314,0.7536987360222613,0.008598862197400204,0.008561727971914406,0.00866445257813689
60.836466754585985,18556309.0,0.0086554877098563,0.008611930391076716,0.008702564739772094,0.008805939174639017,0.008778787187352165,0.008837384638928303,-0.046162024930211806,-0.05769609716772937,-0.035475022300528535,0.7510824233364453,0.7497385787429494,0.7527218489176741,0.008670598209581265,0.008603650821337598,0.008733067124031569
66.04511053365866,18554386.0,0.008636396674674139,0.008588174213654593,0.008676653353579459,0.008792818271379428,0.008762541460279072,0.008823368112594371,-0.04875759079718895,-0.060408681542675674,-0.03772183992491983,0.7489849742919114,0.7476541153097453,0.7507060511088145,0.008547313078559915,0.008484988486874793,0.008612902916905
71.6924917025137,18554754.0,0.00869747884602314,0.00864954479291712,0.008741621341156209,0.008819791818795287,0.00879387435186409,0.008852041308628593,-0.03430849558384202,-0.045039575606647786,-0.02401027481219275,0.7490948815794932,0.7474890061508461,0.7503993135325256,0.008647061182337665,0.008571826806716703,0.008721797213649482
77.81556623382995,18661033.0,0.008700087612556947,0.008655935969220695,0.00874453927112049,0.00883620303669977,0.008801852717562345,0.008863602600548732,-0.03996876858284913,-0.050716108502027506,-0.027882652624049865,0.7517724205659428,0.749735775857327,0.7530936192768649,0.00872943069580951,0.008661002926337038,0.008804785073806503
84.45440299640231,19141037.0,0.008705985011391484,0.00865212249071453,0.00874398030353508,0.008839570512299293,0.008813643735624394,0.008868695820738126,-0.038892658389141,-0.05030528099951017,-0.028854390432150396,0.7494392848964269,0.7478932393644026,0.7509819178999915,0.008662585405122096,0.008593436843228244,0.008730006822486482
91.65244596234467,18521177.0,0.008751911855894936,0.008693030893459044,0.008806095384335147,0.008863789666117408,0.00882333104244569,0.00889197159954618,-0.0297172913178539,-0.04133354603344394,-0.02000826528343009,0.7492136833285342,0.7476433626446277,0.7505297330500933,0.008678661519321854,0.008617484881704218,0.008748731244962308
99.4567985006767,18904511.0,0.00879017340337015,0.008742302768436305,0.008838554990269509,0.00890430311899408,0.008869915812601615,0.00894746611909285,-0.030437495920003162,-0.042493544644376234,-0.020787612118378533,0.750032314651457,0.7488968990489131,0.7517164035897603,0.008759470095550746,0.008696963725401827,0.008832307708681313
107.91853161768563,18934543.0,0.008786493078835236,0.008738976050615015,0.008832314978163955,0.008906360027289017,0.008878272524916802,0.008936278642153152,-0.032799983952411176,-0.04585553195318859,-0.021577353065293372,0.75090963603202,0.74889955042423,0.7525292029580193,0.008747949292508212,0.008678575647735906,0.008813643698561247
117.09301816116393,18764326.0,0.008786030275029895,0.008749085348661907,0.008834246329136255,0.008900546438841623,0.008872328013736464,0.008933466000195065,-0.030617398387684878,-0.04143901883418593,-0.02009258214290538,0.7500741625375462,0.748344361494403,0.7513876597653324,0.008734854399257617,0.008669755758114682,0.008810710451707383
127.04029517552277,19038128.0,0.008762512741991933,0.008717116636541363,0.008805489706179021,0.008913657579644753,0.008883509981971467,0.008946966972411265,-0.04568791840090587,-0.05681093014455948,-0.03510900247110078,0.7516298229863773,0.7499209827096898,0.7534201573280034,0.008763136367017529,0.00868806582615033,0.008822817050752746
137.82545677900586,18691349.0,0.00888021332920445,0.008838104458368724,0.008924869125255048,0.008973993487150816,0.008944660433209099,0.009004161754110512,-0.021715944109383295,-0.03237863818454186,-0.011742562167870042,0.7498059753296907,0.7483253549466836,0.7512489091061246,0.008846147236677378,0.00877494860992124,0.00891405104794686
149.51908013395376,18723541.0,0.008888725412243207,0.008850179261543356,0.008924513782642914,0.008994271444112504,0.00895934453357338,0.009022172097352172,-0.026448903000014286,-0.0367059512877802,-0.017829280341106896,0.7491012965071807,0.7477174925221515,0.7505147303296557,0.00881801159474338,0.008766951987625837,0.008870282224156527
162.19768729763553,18336599.0,0.008849820993277442,0.008795586969939609,0.008893125128655553,0.00899154122596757,0.008961732593377483,0.009022508385345783,-0.04128490255146196,-0.054835695947984896,-0.03032106249042209,0.7530331967136072,0.7510142969430892,0.755032405315561,0.008923699514388504,0.008868813560212291,0.009002329537505295
175.94424597595506,17983269.0,0.008853693771399064,0.008803129128346342,0.008887802873364903,0.008970558359149517,0.008945779592759556,0.008999611143773865,-0.03121197020931631,-0.043339102375548756,-0.02193638711536125,0.7496486416021401,0.7483979617306253,0.7515269766550478,0.008772006777578672,0.00870289268195392,0.008836394299780451
190.84871245692528,18016635.0,0.008856434045083154,0.00880319229682935,0.008905831950132023,0.008982588730469004,0.008946397785757053,0.009014326308017049,-0.034958224114554286,-0.046539473486763044,-0.02602309471572158,0.7505760422990306,0.7489970337110692,0.7521955726477215,0.008846452702613729,0.008760834537107447,0.00890747686953876
207.0086202768164,17627775.0,0.008916337485610529,0.00886441195509688,0.008964461400616366,0.009020330364081727,0.008989666159058184,0.009051352233716054,-0.025689597428897166,-0.03618751258806496,-0.014982762501533934,0.7505850715871888,0.7488056308793593,0.7522302792114983,0.008913615991970466,0.008830653810268421,0.008980648136553769
224.5297184711593,17635892.0,0.008923320969416188,0.0088835582128314,0.008960638642139127,0.009041956085484013,0.009009518433736584,0.009075399771348028,-0.03155440952486525,-0.04138417095803831,-0.021695003891707143,0.7504484620765378,0.7487109978006309,0.7520583485252219,0.008871067790015256,0.008802253018323087,0.008930304919871835
243.52666358726592,16987803.0,0.00894171092480113,0.008887340760771547,0.008985942587239783,0.009057026578328424,0.009019092322850291,0.009086674025320861,-0.030123606416297122,-0.04388024133888566,-0.019893303245495056,0.7486857393717236,0.7471528165149169,0.7501050460109446,0.008849663707159155,0.008762445794921287,0.008892261664178686
264.12376998673113,16902087.0,0.008956565577507963,0.00890893895776129,0.00900241876989854,0.009055653322222804,0.009020256320561616,0.00908742374739351,-0.023528191848111266,-0.03324906555378833,-0.011941613722012676,0.7497768556290406,0.7483932244933692,0.7516300463219981,0.008908956724258552,0.008846583025622475,0.00897672815213038
286.4558233478374,16293428.0,0.00891369282418027,0.008871235952928313,0.00895279265508745,0.00905156545409341,0.009022384421281037,0.00908169213130074,-0.03933363408157227,-0.0492101692353358,-0.02924622289086394,0.7518268023523794,0.7504101308896617,0.753221228712384,0.008896337635928663,0.008831376340513446,0.008978326509453708
310.6689626913442,15994308.0,0.008998877064801519,0.008962116297413064,0.009058346825747052,0.009110686118052398,0.009077002036726135,0.009159441765752717,-0.02842922220230041,-0.039449555750821874,-0.019348629201190223,0.7522572264751186,0.750535850406076,0.753838842063938,0.009048379981586613,0.008963093552740782,0.009138531384487105
336.92163670157004,15548889.0,0.009032445012499555,0.0089833269405771,0.009081000282983072,0.0091280110060486,0.00909545658814552,0.009167020895708708,-0.021787096169765922,-0.03354261298639085,-0.011231016399715693,0.7494938809054473,0.7477410163908595,0.7511096566268524,0.009003664794944253,0.008928358298848405,0.009078695920776153
365.385640600841,14872317.0,0.008956311767366311,0.008908940830989268,0.008999503612003867,0.009076851025346064,0.0090483435550015,0.009109498743977226,-0.032141455164658043,-0.04242923881774782,-0.021166539111262227,0.7514275137175249,0.75012501066751,0.7529975393705415,0.00897528337997615,0.00891458628700922,0.009043978866496447
396.2472403625319,14604753.0,0.008970349835664415,0.008922004082241303,0.00901494318362813,0.00909618170578279,0.00905776198283111,0.009131189508324108,-0.03418124219379338,-0.04844476169188103,-0.022707107500033585,0.7505151768026486,0.7486738144549419,0.7523541167880784,0.0089585296971053,0.008870971260468014,0.00902184870498383
429.7083916194416,14238357.0,0.009082230198215102,0.009034156799769617,0.009123780386018587,0.009159255503297103,0.009128651328405998,0.009193192152538523,-0.014197322301694355,-0.02631009189066843,-0.005009818461995921,0.7500521697874124,0.7485215730677252,0.7517535454936584,0.009056740671608074,0.008992469732631988,0.009140814649149743
465.98806124394576,13604917.0,0.00909475278200476,0.009052025375898668,0.00914805952131879,0.00918340955317457,0.009151500138348858,0.00922464131728389,-0.01878239168070748,-0.03205380002049278,-0.007169050331928124,0.7501380894990024,0.7482884516630324,0.7520560609545501,0.009091985235176068,0.00901244619650463,0.009165543172918287
505.323660248219,12810754.0,0.009083923888142283,0.009028611697284071,0.009133413363771823,0.00919817763566572,0.009163171170862613,0.009232204374162974,-0.028978342273044425,-0.04054787528421104,-0.016870370520789515,0.7508304688934954,0.7494077117272724,0.7522987759676808,0.009064919446679288,0.00897241938190011,0.009146816346607436
547.9725973813165,12178243.0,0.009050962207180225,0.008998114978205485,0.009110293825256197,0.009177865644846099,0.009139084231974093,0.009219245712593556,-0.03415776043159276,-0.045561454866018,-0.018408210027704274,0.7509031021765581,0.7488358576883813,0.7525105776524351,0.00903496499319922,0.008971292935366231,0.009114913693283025
594.2139635897032,11449467.0,0.00908069776416274,0.009028546923984904,0.00914028621097804,0.009185468797341952,0.009149631538554248,0.009223086261662478,-0.025238014173855575,-0.036331219100185254,-0.011983775170150479,0.7515144833844444,0.7498984183604658,0.7530934150637327,0.009044291756114063,0.008972264295968155,0.009119051600993853
644.350358364212,10576302.0,0.009138102778634492,0.009084980842088317,0.009193519923918658,0.00923473913189676,0.00919672195446244,0.009279995810444589,-0.021768280740181847,-0.03581720549049459,-0.008340127134639354,0.7501527917578091,0.7488059001813994,0.7519027874225628,0.009135129631880628,0.009057933429632202,0.00922905452282271
698.7098699248681,9708069.0,0.009175076770400676,0.009119083945184011,0.009236282819911434,0.009272377205055506,0.009228760032020127,0.009314619036254756,-0.021875639417698968,-0.03571980084466215,-0.010239886277336364,0.7502087522038675,0.7484813083347629,0.7520548132287732,0.009199400571854614,0.009104356666799172,0.009306975242537974
757.6482222017565,8854842.0,0.00915271072560513,0.009093161756797162,0.009195802702953594,0.009259954256915733,0.009218881780811016,0.009295630964157153,-0.025883693253552005,-0.041466533527555374,-0.011977455423863054,0.7503354884106895,0.7484947139931529,0.7518632140999153,0.009161549150632121,0.009083839381806753,0.009235760839335626
821.5511026615734,7948408.0,0.009174622959794243,0.009117094439762016,0.009234104377831256,0.00927714034372565,0.0092327140319998,0.009319011123470264,-0.023927645226993456,-0.03848264228945149,-0.011734125157828165,0.752094664580301,0.7503003930108737,0.7536814816630014,0.009217482627094787,0.00913367071680889,0.009308123879376243
890.8366862129621,7114469.0,0.009262194309331345,0.009203300529637031,0.009333521425173777,0.009342735019918667,0.00929840590653203,0.00939327959629109,-0.014975087712879578,-0.03225922736412321,0.0012467125963335208,0.749593062430024,0.7476552401356902,0.7515185163942261,0.009248430349532506,0.00913573750251322,0.00933128610662842
965.9583717068613,6553134.0,0.009299567230592512,0.009230620573749503,0.009380225576428002,0.009349639219439446,0.009303371554690142,0.009399175590531605,-0.002944916622685367,-0.02159368305714489,0.013383208270930496,0.7486023466555493,0.7465590500134184,0.7505789618277333,0.009265203239754742,0.009167184221909793,0.009398222511363989
1047.407748939263,5929339.0,0.00929975775150158,0.009227811411967683,0.009370900872187888,0.009349369013556872,0.009297008737852719,0.009393885458436788,-0.0027639212067372813,-0.016633244004260847,0.013469596837900806,0.7494060479571698,0.7473061674647208,0.7514405395305259,0.009290874908446881,0.009207555985103224,0.009410726978630964
1135.71781557222,5437397.0,0.00925721732554855,0.009187189457902402,0.009353960987412821,0.009314744586020964,0.009267950730873548,0.009373439999693547,-0.005967698810828046,-0.018359180068856014,0.013194710593018851,0.7482131092950125,0.7457466123956077,0.7499469726394821,0.009155719780127537,0.00904171255385041,0.009273484810840713
1231.4664650243199,4890189.0,0.009289585614739044,0.00921246294403583,0.009366920492804017,0.009365144933548467,0.009311860201359996,0.009419995504661938,-0.012939269557181596,-0.030828138494922632,0.002440630721827228,0.7499825301947816,0.7477652324978505,0.7527920822185511,0.0092556264080958,0.009129679360220612,0.009398519111885675
1335.2802681551166,4556065.0,0.009171028965046079,0.009094710145882378,0.009247336717412005,0.009286782949804761,0.009233444359715333,0.009353245097154593,-0.029136574471844794,-0.04753628780583126,-0.009649163193201369,0.7513109514710432,0.7488928401436659,0.7535826527401057,0.009156386899122603,0.00903139416001294,0.009263544045472107
1447.8385734904948,3868380.0,0.009278482971989221,0.009181125384286695,0.009335317585319964,0.009368273720948863,0.0092980498731861,0.0094320995044867,-0.01852621709757687,-0.038485002253741955,-0.001725546878852446,0.7513399622681858,0.7492477951987123,0.7540817097696362,0.009351168569113624,0.00919301610129408,0.009498083091534227
1569.8779528205268,3356489.0,0.009356115991490891,0.00927955896845524,0.009433601027015568,0.009442129463299307,0.009383507205677488,0.009488344955955328,-0.01677604824868062,-0.03393937342017078,0.003926825381564525,0.7503713754379805,0.7473488058087229,0.7524106326504604,0.0093311345910101,0.00919069678093747,0.009433362674741218
1702.1970212613862,2951018.0,0.009404400205527137,0.00930859377367397,0.009503139113376947,0.009426135237576233,0.009358406544452616,0.009493388310126971,0.008291119347549246,-0.01404702814400698,0.031025773506811866,0.7503400371804942,0.7474056402775661,0.7532263340954419,0.009388132419084549,0.009267817717661558,0.009512331570194104
1845.661663323432,2582808.0,0.00936512508866319,0.009244917146803307,0.009452749106353962,0.009401524812108718,0.009317989300631156,0.009480497216035009,0.0025219818123515952,-0.01816306047368947,0.02724206452611082,0.7494965004715063,0.7458253856127018,0.7527131153990753,0.009332512584468267,0.00918326021547807,0.009506564157150633
2001.2106991843496,1999044.0,0.009457703231124073,0.009327050851029528,0.009583561056158556,0.009421392858393485,0.009330261565640504,0.00951594788300132,0.030985679195319856,-0.010056052641154431,0.05458625015937068,0.7491463030985115,0.7451858535479484,0.752292764866448,0.00944412776245821,0.0092921057966535,0.009607383860452923
2169.8620282470006,1690376.0,0.009339701549796483,0.009201816068744947,0.00946337643318202,0.00938564276662987,0.009295220580982158,0.009461711872035703,-0.001247628576748722,-0.03210160787100303,0.03136080936589689,0.7502890679378201,0.7460879414006267,0.7536753311275777,0.009355064391904887,0.009155418506884373,0.009532446309627686
2352.719290184839,1356940.0,0.009453128482663426,0.009293594417287132,0.009583217423453881,0.00946280489972933,0.0093571258584793,0.009530257923511094,0.013018647056387899,-0.0179637267396542,0.04586047309745483,0.7483083132031308,0.7436395328341354,0.7517122178779172,0.009420098583156641,0.009243881833499945,0.00960137772272346
2550.9790870642473,1069685.0,0.009288474682561996,0.009125123567847554,0.009397080191703574,0.009298442472047823,0.00915442632558488,0.00941658625052341,0.012836395921845456,-0.018448240216156722,0.04575514988393636,0.7488017185967049,0.7443162812446508,0.7530614192608591,0.009234086746689588,0.009018851954019231,0.009428063435514942
2765.938813804699,932796.0,0.009371300731065197,0.009223188207334802,0.009526793818828282,0.00940601257846443,0.009318424276711625,0.009539159104313022,0.0031897568099255396,-0.03216064253823073,0.03663568783363079,0.751382072592384,0.7477635328993145,0.7568200746890197,0.009463274381318014,0.009229180148878581,0.00972220259502193
2999.0051482186036,3574442.0,0.009386045002097602,0.009302650157061117,0.00947550489407317,0.009447592039563236,0.009377215042038357,0.009501802693192236,-0.007215317532273185,-0.023187122432212333,0.011504282052911853,0.7496993987975956,0.7474110017996857,0.7516091008238065,0.0094264817403382,0.009292605729391968,0.009525507111782783
