"","dist","sites","pi","pi_lower","pi_upper","theta_W","theta_W_lower","theta_W_upper","tajima","tajima_lower","tajima_upper","xsi","xsi_lower","xsi_upper","fwh","fwh_lower","fwh_upper","B","Bsmooth","map","lab"
"1",1e-20,2424928,0.00773874674772587,0.00760245965323667,0.00784146514598013,0.00808313737322254,0.00799056453282094,0.0081699186441286,-0.140186601455355,-0.180367455164192,-0.114959167970836,0.748973947389357,0.744018563361432,0.754076862900805,0.00740757293429255,0.00716339643670932,0.00758673039282641,0.773874674772587,0.78694946132201,"castaneus - LD-based","Protein-Coding Exons"
"2",0.0842325581075729,4838734,0.00775407562964923,0.00766096870721085,0.00784396157548412,0.00816067405634874,0.00809988079259838,0.0082150588201182,-0.166783123194187,-0.187889581333281,-0.143689649371601,0.755462246151025,0.751533141479492,0.758826809838362,0.00768478309088489,0.00753819776172435,0.00782021762743336,0.775407562964923,0.78874050260495,"castaneus - LD-based","Protein-Coding Exons"
"3",0.175560240060492,5241322,0.0078893460972835,0.0077846821428153,0.00797122504078786,0.0081605078095951,0.00810101872762062,0.00820916866685839,-0.105639219921005,-0.128689841779675,-0.0833622940851607,0.753172689945297,0.749897126800486,0.756659622653873,0.00780981669922829,0.00767867136762543,0.00791809361678483,0.78893460972835,0.790638085408904,"castaneus - LD-based","Protein-Coding Exons"
"4",0.274580686290339,5643935,0.00790453772817319,0.00783427011032323,0.0079989348877307,0.0082082525295826,0.00815017318004676,0.00827323844345791,-0.119539061650309,-0.138705133987104,-0.102893882968257,0.756205079490929,0.752898282124568,0.758954851243741,0.00790570813752158,0.00775714097164547,0.00803854091966887,0.790453772817319,0.792643341378594,"castaneus - LD-based","Protein-Coding Exons"
"5",0.381941878011081,6310741,0.00788044913733391,0.00782136741999986,0.00797024108390362,0.00819164214407571,0.00813647270020622,0.00825795039412387,-0.123179174670353,-0.146392825351561,-0.0998997097421681,0.751080409498681,0.74778145661596,0.754111142218415,0.00778522308721151,0.00764409437539386,0.00791293763213812,0.788044913733391,0.79477613330601,"castaneus - LD-based","Protein-Coding Exons"
"6",0.498346377551937,6632854,0.00798931586829526,0.00791976012598147,0.00807615808869793,0.00824408129327603,0.00820379035648464,0.00830871413084389,-0.0970708362900619,-0.115659250000735,-0.0773798154203509,0.7523530960618,0.747852828587637,0.755649716804601,0.007913870030879,0.00778322968230939,0.00802997549074433,0.798931586829526,0.797047199981924,"castaneus - LD-based","Protein-Coding Exons"
"7",0.624555925864352,7052174,0.00803921324292975,0.00796587194558801,0.00810600786907993,0.0082802516247805,0.0082193071448812,0.00832676578089323,-0.0904655776186555,-0.107733391646269,-0.0694462327409875,0.752118957611306,0.749274915434332,0.754350456936228,0.00793692259772284,0.00778751562063716,0.00806037340736511,0.803921324292975,0.799434399650241,"castaneus - LD-based","Protein-Coding Exons"
"8",0.761396427288723,7371423,0.00805499335274968,0.00795344755759225,0.00812182944649541,0.00829221897003306,0.00822458806211819,0.00834238190098182,-0.0886167620943922,-0.110028704887495,-0.0696092440251727,0.75134636533108,0.747907495569429,0.75445977747481,0.00795288696328389,0.00783531691817611,0.00808272812396535,0.805499335274968,0.801930818979883,"castaneus - LD-based","Protein-Coding Exons"
"9",0.909763354200792,7806995,0.00802637362717796,0.00794947864276289,0.00811626388768333,0.00826410781075563,0.00822027052998235,0.00831405577248627,-0.0892020915541712,-0.10745835725901,-0.0645134592449546,0.751961961834532,0.748592446168617,0.75462864931369,0.00796310184988342,0.0078668331444645,0.00807849298928604,0.802637362717796,0.804550007648583,"castaneus - LD-based","Protein-Coding Exons"
"10",1.07062760690522,8271762,0.00809754399784397,0.00801559012698669,0.00817374172435044,0.00833195302578902,0.00827995527854503,0.00838028174065139,-0.0868687294985901,-0.105137228636257,-0.0670192551542212,0.749346948864631,0.746640650231119,0.751935885983638,0.00796499133474358,0.00782728425955418,0.00809541696782167,0.809754399784397,0.807288477190823,"castaneus - LD-based","Protein-Coding Exons"
"11",1.24504186712301,8378253,0.00817725896911873,0.00810729727019437,0.00824199120162119,0.00837512593325465,0.00832523766991527,0.00841784185833928,-0.0702588281792997,-0.0874500941228118,-0.056233534896986,0.750728244690118,0.748378265594278,0.75384383102596,0.00813084103157378,0.00803427261454707,0.00824883655290098,0.817725896911873,0.81014043849189,"castaneus - LD-based","Protein-Coding Exons"
"12",1.43414748664939,8774892,0.008192344098808,0.0081128773388202,0.0082504645552803,0.00839041813903022,0.00834006030735424,0.00843270201416503,-0.0701911454306461,-0.0906667380559492,-0.0528729035196966,0.751867016084168,0.749630707352875,0.754825156044579,0.0081511653839577,0.00806480594589902,0.00826248376186764,0.8192344098808,0.813097371316514,"castaneus - LD-based","Protein-Coding Exons"
"13",1.63918195626098,9158331,0.00817711962619229,0.00810368280545278,0.00823829330541146,0.00838997972625197,0.00833785788544077,0.00843177221876717,-0.0766888921659814,-0.0950872267888533,-0.0605500028422568,0.75345867948789,0.751054647470241,0.755865066125359,0.00813783504208087,0.00802862974449411,0.00826749428788119,0.817711962619229,0.816147547776659,"castaneus - LD-based","Protein-Coding Exons"
"14",1.86148700374819,9646657,0.0082085853521006,0.00812999691580894,0.00827470081216361,0.00843568985362865,0.0083901493504183,0.00848252720902454,-0.0824038352810887,-0.099609404959414,-0.0659360551489527,0.752223095697178,0.750354098190508,0.754346119889279,0.00819294300817456,0.00811132113561089,0.00827970763324218,0.82085853521006,0.819246804420349,"castaneus - LD-based","Protein-Coding Exons"
"15",2.10251737406548,9539233,0.00825366216871024,0.0081905283124871,0.00831118120851955,0.00844113361245966,0.00840356507964561,0.00848986273899961,-0.0650408022724372,-0.0836725796022356,-0.051170907221638,0.75088141691178,0.748418605755943,0.75366894862804,0.00817848939410195,0.00808480108837135,0.00831105468064387,0.825366216871024,0.822347094337827,"castaneus - LD-based","Protein-Coding Exons"
"16",2.3638503490562,9775170,0.00828066304520452,0.00818558052596432,0.00836097948374353,0.00852411918518163,0.008462320902926,0.00857178589691454,-0.0884425370318299,-0.10370254554573,-0.070117357138607,0.752925271639985,0.74976332934863,0.754949242425013,0.00831763902931653,0.00818802627381973,0.00844587326100871,0.828066304520452,0.825428322930366,"castaneus - LD-based","Protein-Coding Exons"
"17",2.64719606904826,10236548,0.00831629393432398,0.00824513086605666,0.00836969743807688,0.00851314830243296,0.00845676373124203,0.00855022843095787,-0.06840946909133,-0.0838172546092002,-0.053260947399774,0.751570991302598,0.748888752083931,0.754049108778748,0.00826938334991803,0.00817720744521162,0.00834112406482447,0.831629393432398,0.828472153024806,"castaneus - LD-based","Protein-Coding Exons"
"18",2.95440872386408,10209977,0.00831732685767728,0.0082589975592087,0.00838677553115279,0.0084923372400646,0.008453434973553,0.00853409521800772,-0.0591412531599832,-0.0720144077350913,-0.0409110160100177,0.751236990232176,0.748942423502827,0.753024509614594,0.0082329193038039,0.00814700768243106,0.00832037477273377,0.831732685767728,0.831464678777234,"castaneus - LD-based","Protein-Coding Exons"
"19",3.28749868647805,10528064,0.00835676957301544,0.00831041664054519,0.00843006077739133,0.00856854625709308,0.00853169633072618,0.0086007737419918,-0.0742751256242828,-0.0862163779136961,-0.0566503494836224,0.753021134341889,0.749828128905439,0.755145371803894,0.00837390302136989,0.00828402835053369,0.00845237204802093,0.835676957301544,0.83440029549346,"castaneus - LD-based","Protein-Coding Exons"
"20",3.64864566872296,10815204,0.00833362140096516,0.00825597838164238,0.00839992385766635,0.00852192305532087,0.00847653810397397,0.00856501458623017,-0.0646240696378206,-0.0832093417405793,-0.0485740022347326,0.753657194335379,0.751482973028618,0.756145342049317,0.00839103505753265,0.00829184549343208,0.00849485523118462,0.833362140096516,0.837030625318065,"castaneus - LD-based","Protein-Coding Exons"
"21",4.04021298513518,11179724,0.00836172845828132,0.00828675629311129,0.00841767551279673,0.00853372172775011,0.00848671173253805,0.00858109254004368,-0.0574704581075682,-0.0738032253559605,-0.0388874560572781,0.752491327934207,0.750250739194752,0.755255952729961,0.00836413806834953,0.0082745555323732,0.00845074269740843,0.836172845828132,0.839103331671,"castaneus - LD-based","Protein-Coding Exons"
"22",4.46476301828013,11057359,0.00835287894916768,0.00830048121262325,0.00839533199361576,0.00855905521294344,0.0085233256024969,0.0085923311446962,-0.0719653322934102,-0.0859662905459045,-0.0595577332107776,0.75125185155097,0.749020713861278,0.753478277062637,0.00834171903442914,0.00825806559002809,0.00843479033077596,0.835287894916768,0.840659459631878,"castaneus - LD-based","Protein-Coding Exons"
"23",4.92507398676152,11461249,0.00840908885449481,0.00834727491133294,0.0084697747863993,0.00856594925911386,0.00852939105450947,0.00860931285737393,-0.0506821278675367,-0.0652990640839254,-0.035430249571111,0.750032362908809,0.747772546403194,0.752415278318352,0.00837594647522843,0.00829130423443882,0.00847056493565691,0.840908885449481,0.841820691687378,"castaneus - LD-based","Protein-Coding Exons"
"24",5.42415812564308,11554954,0.00847550194505671,0.00841886670960338,0.008531693858773,0.00864003618651203,0.0085922024760902,0.00867724517133949,-0.0533759755279297,-0.0705272641490494,-0.0354369814606994,0.751479105407399,0.749269789162098,0.753705538724982,0.00848202721410352,0.00839202458775973,0.00855008192415579,0.847550194505671,0.842826639127675,"castaneus - LD-based","Protein-Coding Exons"
"25",5.96528139825355,11523434,0.00843455589395186,0.00836984497268724,0.00849036519398721,0.00858219888963568,0.00853688848767556,0.00862068043963193,-0.0465972878231258,-0.0651567988141717,-0.0324506206102728,0.750321165414023,0.747672246042396,0.75262132790376,0.00837000824155546,0.00826832900234018,0.00844638527989686,0.843455589395186,0.844085282985984,"castaneus - LD-based","Protein-Coding Exons"
"26",6.55198486836754,11834406,0.00844766546433703,0.00837882420763905,0.0085082472829586,0.00860750356137754,0.00855975596991761,0.00865277113905113,-0.0516310081526318,-0.0654325124444368,-0.038566708772626,0.749437675285372,0.74746065401186,0.751651006756274,0.00838636705999957,0.00829917472647924,0.0085011167182376,0.844766546433703,0.845402788564183,"castaneus - LD-based","Protein-Coding Exons"
"27",7.18810787261982,11899379,0.00844709346013874,0.0083891226135285,0.00851361700433345,0.00863093865671809,0.00858922515823498,0.00866502721560643,-0.0616934523057108,-0.0775025339392659,-0.043168383667913,0.752606334736208,0.749838053812753,0.755391028219049,0.00844017778454777,0.00834884997348624,0.00852522357678992,0.844709346013874,0.846318378630415,"castaneus - LD-based","Protein-Coding Exons"
"28",7.87781314479134,11809476,0.00844810705835046,0.0083918737444803,0.00851658571004206,0.00861488716146652,0.00857110292454016,0.00865831939779563,-0.0545413111958575,-0.0646509812190326,-0.0375368383544866,0.751222504125091,0.748784492480328,0.752632107601318,0.00840690818188404,0.00831772556627069,0.00848271167786516,0.844810705835046,0.84711091534008,"castaneus - LD-based","Protein-Coding Exons"
"29",8.62561405637815,12282115,0.00848830990162093,0.00842305476052762,0.00856039075159552,0.0086374564880767,0.00860061554345517,0.00868112907932383,-0.0468331870609226,-0.0613882128327523,-0.0338580561040884,0.749676261299318,0.74772315378088,0.752027237355636,0.00841615082132825,0.00833022739350508,0.0084996183901055,0.848830990162093,0.848248240836947,"castaneus - LD-based","Protein-Coding Exons"
"30",9.4364041517031,12360859,0.00848669755368415,0.00843890115690041,0.00855359910571482,0.00865733070132858,0.00863047089736099,0.00871071956208368,-0.0558314196192367,-0.0723054536993362,-0.039863362199229,0.751437784412511,0.749365042500066,0.753943744969007,0.00842196154682077,0.00833628873117235,0.00852470134266475,0.848669755368415,0.849664139173953,"castaneus - LD-based","Protein-Coding Exons"
"31",10.3154891708455,12187766,0.00847049028258236,0.00841215213780091,0.00852227105938852,0.00866324890553108,0.00861697134257897,0.00869860356985925,-0.0651915618821734,-0.0831549168179397,-0.0495930439425242,0.7533859538871,0.751681690309499,0.755133298327086,0.00849715362109841,0.0084215985121549,0.00860502494514616,0.847049028258236,0.850986796891797,"castaneus - LD-based","Protein-Coding Exons"
"32",11.2686217699444,12571525,0.00853034852938831,0.00846082105905454,0.00857792428278326,0.00867401148046672,0.00862340262545351,0.00871241506133789,-0.044235835756829,-0.0594780065552067,-0.0311073737537762,0.750612760610883,0.748756925244467,0.752406117530173,0.00847193988650006,0.00838617881930348,0.00858045646087606,0.853034852938831,0.852506460308489,"castaneus - LD-based","Protein-Coding Exons"
"33",12.3020391660811,12468870,0.00854379482172607,0.00848669134350523,0.00859838794373444,0.00867818892096803,0.00864562765549652,0.00871935330517468,-0.0402712893241749,-0.0551174117778359,-0.0243316676055015,0.750339801912601,0.747818722681396,0.752668730151079,0.00848541963190845,0.00841077498763949,0.00857106653521856,0.854379482172607,0.854282781867772,"castaneus - LD-based","Protein-Coding Exons"
"34",13.4225039530872,12654783,0.00855083385774181,0.00850214647508642,0.00862938126292597,0.00870327047624947,0.00866974692474573,0.00875046333577458,-0.0477448906526947,-0.0615711418173801,-0.0313852040407175,0.751725239926313,0.749761922684433,0.753811581156262,0.00852213969780664,0.00846480762588078,0.00861454776187639,0.855083385774181,0.856083320490132,"castaneus - LD-based","Protein-Coding Exons"
"35",14.6373483553723,12715742,0.00860800293760254,0.00855674544684028,0.0086545195956689,0.00873617205264725,0.00870245128978397,0.00877331936025702,-0.0372672645982385,-0.0489869063197318,-0.0251097437142519,0.749649304329739,0.747879955564277,0.751575465553427,0.00858128342981864,0.00849758195644728,0.00863497595128828,0.860800293760254,0.857868465008875,"castaneus - LD-based","Protein-Coding Exons"
"36",15.9545222093646,12723905,0.0085943896587581,0.00853970820494609,0.00864070424068857,0.00875638994761135,0.00872122416579451,0.00879569821689649,-0.0513774971094311,-0.0656917772022643,-0.0391895496626296,0.752770754878304,0.750645930196647,0.755062061470806,0.00862863764813441,0.00855208081858151,0.00871659493868972,0.85943896587581,0.859582564176573,"castaneus - LD-based","Protein-Coding Exons"
"37",17.382644986551,13160881,0.00861093746424013,0.0085583611998016,0.00866748919790247,0.00874265756669419,0.00870927210647557,0.00877524581581287,-0.038723659574558,-0.0496414934271305,-0.0231835207970716,0.749353859867407,0.746784399828927,0.75136714165065,0.0085375330364685,0.00845483752299308,0.00859848553141342,0.861093746424013,0.861148864995673,"castaneus - LD-based","Protein-Coding Exons"
"38",18.9310621985516,13113452,0.00865370588420912,0.00860139652093148,0.0087044800808989,0.00877511622186719,0.00873564091632204,0.00880468321225711,-0.0341895777668626,-0.0463706269586158,-0.0232821779460022,0.749164161448517,0.747560946589106,0.751237840640374,0.00858196500223198,0.00851091492364467,0.00865349383488612,0.865370588420912,0.862462966790707,"castaneus - LD-based","Protein-Coding Exons"
"39",20.6099065533367,13362707,0.00860487703668463,0.00854726576711876,0.00866843374352313,0.00874788522045209,0.00871722779179965,0.00878667028345457,-0.0434447611799746,-0.0598187765458153,-0.0282430805830955,0.750441198645529,0.748086276047649,0.752502014284324,0.00854874127659607,0.00846038214358405,0.00863950535627111,0.860487703668463,0.86345561882245,"castaneus - LD-based","Protein-Coding Exons"
"40",22.4301642627899,13502483,0.00863983119827301,0.00858672622808779,0.00868395007271439,0.00876379807419519,0.00872808070045579,0.00880098677148505,-0.0353302159041914,-0.0475839080449894,-0.0230412308220802,0.748676932306985,0.746659360521285,0.750839705803825,0.00857452039883089,0.00849834271577897,0.00867123975866035,0.863983119827301,0.864155379931277,"castaneus - LD-based","Protein-Coding Exons"
"41",24.4037469355253,13968857,0.00867938694640806,0.00862456730161488,0.00872060887466086,0.00882187001939445,0.00878207991584386,0.00885452123229717,-0.0427203315898408,-0.0525570613483002,-0.0323962656697096,0.750731109228251,0.749171147817491,0.752733633808274,0.00864877470954546,0.00856258894132536,0.00874242805610165,0.867938694640806,0.864608477292059,"castaneus - LD-based","Protein-Coding Exons"
"42",26.543569525422,13859553,0.00859703722488196,0.008534976454862,0.008636505711971,0.00872685665287822,0.00868639969810924,0.00875493627235945,-0.0380217314222055,-0.0495049764207763,-0.0269384953840871,0.749807689516847,0.748211350408427,0.75142068493267,0.00852074251232919,0.0084397934655039,0.00859290398250543,0.859703722488196,0.864915095632591,"castaneus - LD-based","Protein-Coding Exons"
"43",28.8636348459621,13881102,0.00862898531443126,0.00856975834764451,0.00867338275637621,0.00876969671488845,0.00872786643081359,0.00880372496626776,-0.0423300225185168,-0.0543470870843742,-0.0293042411827272,0.751704335964905,0.750077259705476,0.75377074722648,0.00861510227857902,0.00853201837206919,0.00869764782840316,0.862898531443126,0.8652530402693,"castaneus - LD-based","Protein-Coding Exons"
"44",31.379125203428,14102391,0.00861583346007765,0.00856761790271186,0.00866006708434225,0.00877427834242349,0.00874184588387742,0.00880916129668069,-0.0497456129360761,-0.0630096068972571,-0.0378527098763988,0.75274603704054,0.75106248566018,0.75483871564036,0.00864064395830726,0.00857963811724854,0.00872799628856225,0.861583346007765,0.865909585814874,"castaneus - LD-based","Protein-Coding Exons"
"45",34.1065017485981,14181874,0.00864983195724172,0.00859321716334953,0.00870351566929222,0.00880997756579973,0.00877764052654251,0.00885270128461253,-0.0501872741251643,-0.0686741710360519,-0.0385360132743923,0.751846943060914,0.749850292667889,0.75372787950398,0.00864491760714402,0.00856507111745868,0.00870369533356212,0.864983195724172,0.866868582637563,"castaneus - LD-based","Protein-Coding Exons"
"46",37.0636121970905,13996588,0.00870363519440362,0.00864733019068916,0.00875691951201327,0.00884885701641256,0.00881508299194191,0.00888855524259615,-0.0436791833096661,-0.0577613671213627,-0.0311128394198679,0.751046732530602,0.74882649648725,0.752808605341246,0.00868956296013437,0.00860832979369426,0.00877091658179948,0.870363519440362,0.867866108180915,"castaneus - LD-based","Protein-Coding Exons"
"47",40.269807623266,14483553,0.00869548683874709,0.00864264317669619,0.00874433048150558,0.00883384708041669,0.00879518687423891,0.00886473028530255,-0.0409201182351963,-0.054299284120455,-0.0293457270229258,0.752446790814366,0.751130327823871,0.753955893294761,0.0087898382505498,0.00872195306542811,0.00886364963205014,0.869548683874709,0.868934194421445,"castaneus - LD-based","Protein-Coding Exons"
"48",43.7460690919811,14552611,0.00869971976513496,0.00864160348383669,0.00874765516709225,0.00884722292853862,0.00881072084362203,0.00889108947461262,-0.0446404197061897,-0.0557775754656151,-0.0322873101933023,0.752429776169782,0.750363338756627,0.75379793484488,0.00870053807680622,0.00860422640224492,0.00877868105597559,0.869971976513496,0.870122566181491,"castaneus - LD-based","Protein-Coding Exons"
"49",47.5151449568569,14951192,0.00870036381018439,0.00864702194522096,0.00876376666348263,0.00885009984375123,0.00881718507162607,0.00888036543676244,-0.0455500289245316,-0.057756510627496,-0.0316978613199399,0.750716664770949,0.748805574911097,0.752723026101049,0.00868189369729428,0.00860823780858781,0.008767648666322,0.870036381018439,0.871505493504535,"castaneus - LD-based","Protein-Coding Exons"
"50",51.6016997235327,14985986,0.00869018147749395,0.00863385753321895,0.00874172337502225,0.00883559809670164,0.00879835585943304,0.00887042545103391,-0.0438511662382817,-0.0552363844472532,-0.031771487977178,0.750338306290491,0.748540635523626,0.752011267964452,0.00860592055123761,0.00852661600870619,0.00867472689715055,0.869018147749395,0.873190912080232,"castaneus - LD-based","Protein-Coding Exons"
"51",56.0324754520523,15380882,0.00877323064477853,0.00872967783089148,0.00881773240715827,0.00889577027417949,0.00886630450066064,0.00893144489004751,-0.0339659377287892,-0.0443733983643287,-0.0209097280359986,0.750832854262249,0.749270586321807,0.752689469175621,0.00876237635362483,0.0087009396679168,0.00884220821149029,0.877323064477853,0.875307916534263,"castaneus - LD-based","Protein-Coding Exons"
"52",60.836466754586,15246837,0.00886124094633731,0.00880756387266322,0.00891064994279117,0.00894588341426232,0.00891129161243726,0.00898382160173437,-0.0180735073712276,-0.0314554537028494,-0.00669775550654824,0.748401879513403,0.746659911150503,0.750017801171301,0.00880201977736934,0.00870124693760622,0.00888135229084948,0.886124094633731,0.877806785199681,"castaneus - LD-based","Protein-Coding Exons"
"53",66.0451105336587,15515767,0.00875094037160617,0.00871135743988957,0.00880387642786153,0.00887975248282234,0.00885708837107264,0.00891549135705235,-0.0366600798770794,-0.0488834086989238,-0.0240376245979176,0.750488479653518,0.748270001475387,0.752436252954132,0.00873450142552359,0.00865898418864422,0.00881944085666674,0.875094037160617,0.880484001753639,"castaneus - LD-based","Protein-Coding Exons"
"54",71.6924917025137,15534933,0.00877799089369508,0.00872630714812604,0.00882125193049686,0.00890842641067794,0.00887493800567416,0.00894350550347154,-0.0371594672575028,-0.0492679852037375,-0.0254472628249761,0.750668774819826,0.749097296699872,0.753228302938244,0.0087634784528678,0.0086821522059161,0.00884931859294446,0.877799089369508,0.883003005277263,"castaneus - LD-based","Protein-Coding Exons"
"55",77.81556623383,15955084,0.00890661800134346,0.00884086362748499,0.00897552042576762,0.00900795115198037,0.0089736807929766,0.00906337743312723,-0.0246600847053902,-0.0388398305791214,-0.0118814123102339,0.751996389546527,0.749824280152773,0.753268603311193,0.00893533617144688,0.00883872858078378,0.00903579784208359,0.890661800134346,0.885456487707013,"castaneus - LD-based","Protein-Coding Exons"
"56",84.4544029964023,16060490,0.00890112308947902,0.00885384087117574,0.0089490621172541,0.00901150380733593,0.00897796002994683,0.00904143755173179,-0.0283428952213007,-0.0400387909206837,-0.0160510314080938,0.751322584115109,0.749543024950255,0.75315690162438,0.00886866030887486,0.00878666506485381,0.00895969229871678,0.890112308947902,0.887944531910359,"castaneus - LD-based","Protein-Coding Exons"
"57",91.6524459623447,16398053,0.00891428144498842,0.00886414032635349,0.00896122984857414,0.00901374082368143,0.00898193353790154,0.00904311908655159,-0.0238675537598312,-0.0347299744541754,-0.0128277574842954,0.749443245958635,0.747794217122829,0.751380843064978,0.0088410942594769,0.008764141331102,0.00891669889326978,0.891428144498842,0.889815993983466,"castaneus - LD-based","Protein-Coding Exons"
"58",99.4567985006767,16210894,0.00892122292476118,0.00886654465276122,0.00897293877352887,0.00903607035680468,0.00900017088998674,0.00906903252920338,-0.0300414783063757,-0.0449093655201977,-0.0185885217642775,0.751009598857657,0.749584321424574,0.752782168344992,0.00892862293714338,0.00883197844517855,0.00899810946381259,0.892122292476118,0.890772240628715,"castaneus - LD-based","Protein-Coding Exons"
"59",107.918531617686,16593391,0.00891880491111535,0.00886868485413565,0.00896325857390458,0.0090238004800223,0.00899722416253787,0.00905089112771484,-0.0260826529293234,-0.0390419842285785,-0.0151647242557683,0.751164844253485,0.749281010780107,0.753256437790483,0.0089347575618682,0.00886761586206388,0.00901707572853279,0.891880491111535,0.891138083968776,"castaneus - LD-based","Protein-Coding Exons"
"60",117.093018161164,16986806,0.00894850019095373,0.00890759188655285,0.00898541914624944,0.00903690876517083,0.00899178129847056,0.0090589580733598,-0.0192578481052216,-0.032343412870111,-0.00663871532113595,0.750626612857107,0.748826296897163,0.75212236105409,0.00896894727277976,0.00889714937767119,0.00905040454188611,0.894850019095373,0.891020430131751,"castaneus - LD-based","Protein-Coding Exons"
"61",127.040295175523,16814966,0.00883793474485158,0.00878592517430189,0.00887885455760465,0.00901387529874649,0.00898063341432893,0.00904493530584652,-0.0551284955670295,-0.0654414616622526,-0.0460081839370918,0.753423484143885,0.751789358281936,0.755338165602626,0.00891228775069804,0.00883710786577818,0.00897941873069733,0.883793474485158,0.890638042552751,"castaneus - LD-based","Protein-Coding Exons"
"62",137.825456779006,16744738,0.00884911712294943,0.00878735226666178,0.0088957727866508,0.00902301705827317,0.00898459092419272,0.00905314111313063,-0.0542223787862278,-0.068543044179988,-0.0426398094935198,0.752363434112901,0.751068490085857,0.754314646472269,0.00888938505179773,0.00881102048998855,0.00895251002534544,0.884911712294943,0.890369711272123,"castaneus - LD-based","Protein-Coding Exons"
"63",149.519080133954,17386480,0.00883674272263534,0.00878147467602667,0.00888856248007134,0.00902851947001488,0.00898723274532661,0.0090651305899443,-0.0614743765806892,-0.0716395271552087,-0.0491927080233893,0.754803154187514,0.753192631045108,0.756477129027806,0.00891379137756487,0.00883712283308601,0.00897976137678977,0.883674272263534,0.89081896334642,"castaneus - LD-based","Protein-Coding Exons"
"64",162.197687297636,17445113,0.00889186371833411,0.00884588032845275,0.00893534935422114,0.00900685248149911,0.00897569827206319,0.00903627352007264,-0.0302512117019376,-0.0420680429641001,-0.0177238888289389,0.750652961209779,0.749118059691848,0.75258199811312,0.00893903019354101,0.00886802733992816,0.00901216065291116,0.889186371833411,0.891923665629204,"castaneus - LD-based","Protein-Coding Exons"
"65",175.944245975955,17267066,0.00888178889812785,0.00883205861370959,0.00892469118163719,0.00902552130498148,0.00898676247626318,0.0090529666075423,-0.0418876697316386,-0.0559013889737832,-0.029399521571104,0.750736884796015,0.748660219439537,0.752138884656511,0.00890064201186377,0.00883205925871216,0.0089713295130485,0.888178889812785,0.893066316004806,"castaneus - LD-based","Protein-Coding Exons"
"66",190.848712456925,16733069,0.00903776597303537,0.00899463344969758,0.00907809786365631,0.00910090895880051,0.00907583247642912,0.00912918900908152,-0.00877586703192586,-0.0205702439097247,0.00222059450518066,0.747441425868133,0.745591615971933,0.748975199036174,0.00899013812903377,0.0089119508182391,0.00904270461481053,0.903776597303537,0.89423076924833,"castaneus - LD-based","Protein-Coding Exons"
"67",207.008620276816,17097887,0.00894769058006873,0.00889050299009978,0.00901285935138531,0.00902187821343126,0.0089918072604893,0.00906655279242936,-0.0135102708024984,-0.025831572342837,-0.00247882282799226,0.74728485883186,0.745474215075009,0.748822378782839,0.0088135254875145,0.00874721840686643,0.00889833684861167,0.894769058006873,0.895393469998955,"castaneus - LD-based","Protein-Coding Exons"
"68",224.529718471159,17142443,0.00901850172911379,0.00897593942796585,0.00907397171127531,0.00911634656699548,0.00908181291113542,0.0091475052355319,-0.0227574657238663,-0.0350754519881812,-0.00993721162113226,0.7505925234373,0.748647349100433,0.752224265832202,0.00904542752245323,0.00897362626636364,0.00914076591953936,0.901850172911379,0.896521037525444,"castaneus - LD-based","Protein-Coding Exons"
"69",243.526663587266,16853170,0.00897265373668634,0.00891338505920181,0.00901987563443632,0.00909016183284133,0.00905226488398019,0.00912205127459725,-0.030841245056572,-0.0445816070749521,-0.0202542190947704,0.749684994962411,0.747835209155612,0.751685298501931,0.00893728636990028,0.00886359303470029,0.00903070614878616,0.897265373668634,0.897567132472721,"castaneus - LD-based","Protein-Coding Exons"
"70",264.123769986731,16734002,0.00898307120009735,0.0089361400863965,0.0090420137278389,0.00910506557397576,0.00907304035411917,0.00914138606137298,-0.0325786759878099,-0.0431882560156051,-0.0192097107419355,0.750726988788018,0.74919638152965,0.752608070920511,0.00898983284550382,0.00891258570159099,0.00908510639796204,0.898307120009735,0.898477720189509,"castaneus - LD-based","Protein-Coding Exons"
"71",286.455823347837,16991965,0.00897952861357514,0.00892906612228433,0.00902828545245395,0.00909260988794865,0.00906114449678337,0.00912606494965119,-0.0290346357445474,-0.0400962605488427,-0.0202630143880363,0.751266840911574,0.749538414606044,0.752673249383157,0.00901363606689565,0.00893285151232009,0.00907567537717544,0.897952861357514,0.899242402198032,"castaneus - LD-based","Protein-Coding Exons"
"72",310.668962691344,16428087,0.00901046832482811,0.00896319960772085,0.00906205945896644,0.00912797941040225,0.0090987856986363,0.00916335563252289,-0.0306451233100135,-0.0398115741434256,-0.0144096333287182,0.75078799201142,0.748928517896297,0.752529632709299,0.0090243740267904,0.00894462830673219,0.00908958682092563,0.901046832482811,0.899883619644011,"castaneus - LD-based","Protein-Coding Exons"
"73",336.92163670157,16970318,0.00899495056183222,0.0089488584447811,0.00904677860165691,0.00909812898838937,0.00907160272960842,0.0091388208994742,-0.0249965521016303,-0.0361904195138743,-0.0105032249788537,0.747117672082601,0.745509240335791,0.749039708689237,0.00890271653202049,0.00885374653401132,0.00899406103948418,0.899495056183222,0.900452068726576,"castaneus - LD-based","Protein-Coding Exons"
"74",365.385640600841,17068443,0.00899530609720846,0.00895002993150373,0.00905431290789476,0.00911421723251046,0.00908338467345998,0.009148207455874,-0.0312827170998748,-0.0431732718713293,-0.0183123239943329,0.749766833978448,0.748079625624459,0.751323958396856,0.0090173455762539,0.00894904182311073,0.00908932872680449,0.899530609720846,0.901039274328329,"castaneus - LD-based","Protein-Coding Exons"
"75",396.247240362532,16400504,0.00901714857204936,0.00896872789723078,0.00906670289615289,0.00913389549694691,0.0091022049425902,0.00916413940878358,-0.030306156102271,-0.0414958252770179,-0.0200164816884151,0.751841776464926,0.750111865825482,0.753397359841118,0.00907588424833574,0.00900880824085313,0.00915573375362943,0.901714857204936,0.901794540400553,"castaneus - LD-based","Protein-Coding Exons"
"76",429.708391619442,15951068,0.00900221055123464,0.00895492407597877,0.00903718479785416,0.00911184644740969,0.00906306184853461,0.00913999010304919,-0.0275447407233035,-0.0397580770942294,-0.0179110557820494,0.751361992992351,0.749510421133484,0.753161811451451,0.00900262569840951,0.00892919115726567,0.00906778419466499,0.900221055123464,0.902705651478768,"castaneus - LD-based","Protein-Coding Exons"
"77",465.988061243946,15814476,0.00903246093861686,0.00896621789589478,0.00907803550693577,0.00915303630529489,0.0091072675407382,0.00918488632378,-0.0317487466448291,-0.0441551288753345,-0.0215638671686884,0.752824043224473,0.751165448535647,0.755130825438218,0.00913462205288938,0.00906311333722013,0.0092238001371029,0.903246093861686,0.90362196886652,"castaneus - LD-based","Protein-Coding Exons"
"78",505.323660248219,15808880,0.00904532373900114,0.00898536273213537,0.0091078436932531,0.00915958178079385,0.00912599194019662,0.00919783600351748,-0.0291729444938552,-0.0395468676156443,-0.0192457099394729,0.749057704561531,0.747497957828653,0.750589812049267,0.00901712610189943,0.00894829385021163,0.00909580410423528,0.904532373900114,0.904542871647677,"castaneus - LD-based","Protein-Coding Exons"
"79",547.972597381317,15024181,0.00904164853189886,0.0089876059734286,0.00908952031671637,0.0091358418906049,0.00909536993852072,0.00916102639635161,-0.021200456864944,-0.033934230472131,-0.00968724644274027,0.749541721604764,0.747492751320221,0.751504261357124,0.0090200239635732,0.00894056939294998,0.0090898396349994,0.904164853189886,0.905470658265144,"castaneus - LD-based","Protein-Coding Exons"
"80",594.213963589703,13935872,0.00906147729794749,0.00901196503952784,0.00910783636817341,0.00918470344200378,0.00914364556267923,0.00921451170763139,-0.0326447315915041,-0.0446240448896408,-0.0189391434984962,0.751528350321123,0.74956267221113,0.753334490200121,0.00909141969906797,0.009024477611549,0.00917200142084087,0.906147729794749,0.906352856821117,"castaneus - LD-based","Protein-Coding Exons"
"81",644.350358364212,13411399,0.00915165320583343,0.00909901536216563,0.0092016930043203,0.0092307679997381,0.00919450967752636,0.00926847010585617,-0.0147912837252226,-0.027909495992168,-0.00233532814628449,0.750379304898399,0.748617140122657,0.75207660485315,0.00909502102788586,0.00902334892835035,0.00917327997012927,0.915165320583343,0.907190351139745,"castaneus - LD-based","Protein-Coding Exons"
"82",698.709869924868,12838199,0.00906322846469703,0.00900547728149923,0.00912047850391876,0.00917435641203365,0.00913606728369409,0.00921266419066026,-0.0278418573930407,-0.0407728670207449,-0.0132068745973925,0.750326563899136,0.74845275637743,0.752366734248452,0.00896640008239696,0.00887352762648499,0.00906951455742073,0.906322846469703,0.90811193873345,"castaneus - LD-based","Protein-Coding Exons"
"83",757.648222201757,12660086,0.00907047795887075,0.00901801468986151,0.00912339933317596,0.00916943152504935,0.00913279425690393,0.00920689051440145,-0.0229739957021933,-0.0380038323775009,-0.0136736092976239,0.750846404788692,0.748932181026521,0.752816125207425,0.00909131954924625,0.0089821290995596,0.00919832349273085,0.907047795887075,0.90912112472581,"castaneus - LD-based","Protein-Coding Exons"
"84",821.551102661573,12185080,0.00906217506682478,0.00901611990047832,0.00911441920887985,0.00918637305929755,0.00914851469990113,0.00922273975825434,-0.0330255023996246,-0.0441826044102817,-0.0219789426444058,0.751476234153558,0.749634262832514,0.753133655375072,0.00906298542553513,0.00898292271296207,0.00914860854641549,0.906217506682478,0.910082387135207,"castaneus - LD-based","Protein-Coding Exons"
"85",890.836686212962,11329157,0.0091304579711213,0.00906504150302442,0.00917535905253642,0.00921364755647627,0.0091715137308756,0.00924207308294993,-0.0164793920914555,-0.0324537793292544,-0.00446617918369273,0.747674644755069,0.74562150211081,0.749921586158857,0.00903143516669206,0.00892142432104084,0.00910722692682268,0.91304579711213,0.910963570479003,"castaneus - LD-based","Protein-Coding Exons"
"86",965.958371706861,10517636,0.00912499046014383,0.00905468994405504,0.00918801428033209,0.00923198028648035,0.00919227525695794,0.00927830352591598,-0.0259117743329154,-0.0398441541282666,-0.00800016312254264,0.750512715140995,0.74795577514413,0.752365382144601,0.00916981282385012,0.00907374484837305,0.00929185232272078,0.912499046014382,0.911723561278681,"castaneus - LD-based","Protein-Coding Exons"
"87",1047.40774893926,9195495,0.00910143739307306,0.00902716736305129,0.00915289917173022,0.00920268790568993,0.00915606289793278,0.00924229292099307,-0.0237498626127242,-0.0385003215620022,-0.0104725588131557,0.750176221805669,0.748615640014238,0.751996543467872,0.00915192848814134,0.00905396352529555,0.00923404653351158,0.910143739307306,0.912310075845768,"castaneus - LD-based","Protein-Coding Exons"
"88",1135.71781557222,7993262,0.0092348522379709,0.00916002108517459,0.00930162275911907,0.00925538463717123,0.00920344396418403,0.00930143241022352,0.00861326576556956,-0.0086380545882842,0.0246624593216284,0.748819016697112,0.746357515663687,0.751325128586364,0.00917371870743848,0.00905891631143399,0.00928696548167146,0.92348522379709,0.912656906833196,"castaneus - LD-based","Protein-Coding Exons"
"89",1231.46646502432,7132025,0.00901352249257427,0.00894516917713044,0.00907263598256491,0.00915222280493867,0.00911143967430046,0.00920276537319455,-0.0390493715183788,-0.0587134955321573,-0.0243702214001165,0.751445318414073,0.749380111337348,0.754207663749449,0.00904382719250887,0.00895358414736315,0.00915734896601405,0.901352249257427,0.9127764997425,"castaneus - LD-based","Protein-Coding Exons"
"90",1335.28026815512,6330375,0.00921744704326847,0.00914233704385411,0.00930236391323301,0.00930579323558683,0.00925915861338136,0.00936693560780235,-0.0181915237911104,-0.0360761137254888,-0.00154610708632615,0.75112452133263,0.748598057185007,0.754300454975898,0.00931937271988352,0.00921134043645465,0.00945396293536679,0.921744704326847,0.912738222887345,"castaneus - LD-based","Protein-Coding Exons"
"91",1447.83857349049,6163346,0.00901558964357136,0.008957145868414,0.00909647654693984,0.00915985571321094,0.00911759827321481,0.00921051010610522,-0.0412414946528596,-0.058395584558552,-0.0179345455427593,0.751061391229388,0.747994948179902,0.753750757146195,0.00893145352659853,0.00881204129253722,0.00905910661676666,0.901558964357135,0.91256249289698,"castaneus - LD-based","Protein-Coding Exons"
"92",1569.87795282053,5035398,0.00917588234174076,0.00909090240277798,0.00926551706445434,0.00927051860558941,0.00921588984347045,0.00932805598412315,-0.0208244105982345,-0.041481987225604,0.000652056818986409,0.749253987660496,0.745750957295503,0.75223325608003,0.00908454724341714,0.00895690397842755,0.00921002357215707,0.917588234174076,0.912294718164789,"castaneus - LD-based","Protein-Coding Exons"
"93",1702.19702126139,3829327,0.00900979397866486,0.00889253279934153,0.00909776395095601,0.00918509035356653,0.00910519532175024,0.00924914110349336,-0.0535287093144787,-0.0767434775108754,-0.0321943202821131,0.752157944291225,0.748629678300356,0.755961633930435,0.00909519375608512,0.00894578110794223,0.00925473572509874,0.900979397866486,0.912016254438781,"castaneus - LD-based","Protein-Coding Exons"
"94",1845.66166332343,2879948,0.00918570695281545,0.00905445564663406,0.00931388254987663,0.00923510937516224,0.00915436115929884,0.0093234662010505,-0.00292244965757304,-0.0305977922171131,0.0240256133554219,0.750618939833262,0.747177135172731,0.753947009083974,0.00926157907102801,0.00910356972492405,0.00946494225792411,0.918570695281545,0.911859145350184,"castaneus - LD-based","Protein-Coding Exons"
"95",2001.21069918435,2730779,0.00907528195718331,0.00895414150513897,0.00918771439256076,0.00924762609514425,0.00916474456640476,0.00932223945750845,-0.0518765918317987,-0.0821449210969656,-0.0295103343123114,0.753103747145092,0.750653835578774,0.757441764152736,0.00910647766047112,0.00895879866574294,0.00926720947758319,0.907528195718331,0.911797903342386,"castaneus - LD-based","Protein-Coding Exons"
"96",2169.862028247,2393582,0.00918865703436634,0.00907620077473753,0.00932169632962876,0.00922745662410612,0.00913268642424951,0.00933187823829572,0.00129467834037507,-0.0272083055829432,0.0312243901287357,0.749402116391765,0.745023889381091,0.754603617105539,0.00902047940820793,0.00882733730240415,0.00921995008914555,0.918865703436634,0.911686568345752,"castaneus - LD-based","Protein-Coding Exons"
"97",2352.71929018484,1944539,0.00893183317957813,0.00881458159708502,0.00905302476193597,0.00916230743900954,0.00907562036027748,0.00926666221265999,-0.0758901671391835,-0.108933001828501,-0.0517464577425087,0.761988422080416,0.756814990920833,0.765842848301552,0.0092562666156716,0.00903927570430622,0.00949417344731138,0.893183317957813,0.911529062722832,"castaneus - LD-based","Protein-Coding Exons"
"98",2550.97908706425,1408476,0.00919323308545215,0.00900501897835527,0.00934523821676769,0.00929315108483056,0.00918064240885809,0.00938313589396283,-0.022825903593922,-0.0627660724125321,0.0169114934598458,0.751635718655226,0.746201034375867,0.758238403113427,0.00916596493845338,0.00888934803885309,0.00939800963482175,0.919323308545215,0.91133547027851,"castaneus - LD-based","Protein-Coding Exons"
"99",2765.9388138047,1009436,0.00919063795656835,0.00897297170115189,0.00939450783799998,0.00929398014603494,0.00915715100700577,0.00945875086486726,-0.0241792224843599,-0.068889320271224,0.019039910622884,0.747299291522606,0.741347612004568,0.753105415710406,0.00900990741162311,0.00875720989196879,0.00928530818533923,0.919063795656835,0.911124787568802,"castaneus - LD-based","Protein-Coding Exons"
"100",2999.0051482186,10300459,0.00910798088448965,0.00904295218389476,0.00917869916903639,0.00924847952636484,0.00919902035545843,0.00929873955796844,-0.0391847875450691,-0.0526225971486288,-0.0202486955886254,0.74994865629685,0.747006370686748,0.752113350240194,0.00904683520433806,0.00893629605911835,0.00915820700308843,0.910798088448965,0.9109286307272,"castaneus - LD-based","Protein-Coding Exons"
