chrom,dist,all_pi,ncpg_pi,all_div1,ncpg_div1,all_div2,ncpg_div2,all_sites,ncpg_sites
d:13000-14000,13500,0.007418120735608626,0.006867741821484922,0.028452961064878952,0.026294279782315414,0.14147179269293528,0.13441070962652082,1445122,808693
u:10000-11000,-10500,0.0072065198812248975,0.006626075975341623,0.028167190162177808,0.026252983293556086,0.1393510348452493,0.13161926797719034,1969135,1097780
u:91000-92000,-91500,0.008191091000579243,0.007434099914460165,0.029331879493301717,0.02662642443489632,0.14308281961764446,0.1354847748925836,304481,171296
d:27000-28000,27500,0.007801808240324346,0.007258502932891712,0.02843520181594299,0.026564354777238598,0.1410600512906147,0.1333218430705219,736587,411943
d:49000-50000,49500,0.007636068734517627,0.0070719710027229935,0.028289008765422886,0.026350138684940447,0.14084590500686925,0.13326573899261124,455654,257418
d:39000-40000,39500,0.007660615873480621,0.007126956076993945,0.028654075145418553,0.026648219244551834,0.14157405744148535,0.1341558173311782,539993,305011
u:1000-2000,-1500,0.006765434004986656,0.006268807690260522,0.028139865856130545,0.02648553499570514,0.14019716878704408,0.13390591082770206,8475378,4726580
u:27000-28000,-27500,0.0073514960154368175,0.0067194235126908685,0.02796341498200904,0.025923497347164526,0.14052611847547483,0.13246921675509452,981604,550543
u:98000-99000,-98500,0.007731392404579252,0.007150039327574272,0.028171657605076107,0.026155503642783236,0.14135475824322197,0.13430296436152622,330332,187494
d:42000-43000,42500,0.0079370704987692,0.007378177835660137,0.028884810094822314,0.026495967630948778,0.14190343294211652,0.13430334975640637,518127,290648
d:93000-94000,93500,0.007941758600653452,0.007485255459203708,0.02828934798680855,0.02694696607740086,0.1422026731793223,0.13632254033591826,240762,136045
u:16000-17000,-16500,0.0074392128772210984,0.006890119201064989,0.028111586313327455,0.026053811317108398,0.1402594665397365,0.13259447240142094,1413901,786526
d:86000-87000,86500,0.008058377483174636,0.007427474521848387,0.029048815114120344,0.027009283819628648,0.14264195847909833,0.1355106100795756,265553,150800
u:30000-31000,-30500,0.007561496198486375,0.00698818765427466,0.02808492370313501,0.026386790197976885,0.140886851681075,0.1331776363496417,880508,493694
d:14000-15000,14500,0.007477407145908818,0.006958790239929333,0.028267691782880754,0.02639081554200286,0.14113500618389221,0.13373936692686744,1307429,730974
u:0-1000,-500,0.006644992432405757,0.006144034140245737,0.028315366259311647,0.026618233407139143,0.14067940819106603,0.1343309278431942,19252903,10635116
d:96000-97000,96500,0.007929957094916715,0.0073352433001756335,0.02906899207131088,0.02692363381419416,0.14446303888628376,0.1384589591763639,232447,131223
d:21000-22000,21500,0.007656211441523375,0.007098760827314171,0.028041423511848736,0.026122298965625776,0.14159818930833856,0.1340757003188555,913684,511517
d:54000-55000,54500,0.0079336659294217,0.0074106131479067345,0.029301481780314373,0.02759044338649876,0.14300281407084925,0.13491586406616793,404041,227905
d:99000-100000,99500,0.00794077763310785,0.007537856434498201,0.028869591991583978,0.027227483103855612,0.14264716124231616,0.13649889941065216,272813,154917
u:12000-13000,-12500,0.007330636648679569,0.006783724726926133,0.028371038009528133,0.026279467225260117,0.1412654826489068,0.1339639837131038,1766978,985332
u:96000-97000,-96500,0.007719586572401415,0.0071728271378533924,0.029024052891898418,0.027366052126869395,0.14454944344951529,0.13804418921765352,318839,180406
d:20000-21000,20500,0.007686506092792052,0.007124615607008566,0.028162885252122374,0.026480180309364394,0.14176308818328148,0.13471543549638387,969787,543954
u:83000-84000,-83500,0.007785918302457688,0.007328883636703348,0.028578488595018787,0.026715069344859056,0.14120818102549682,0.13420210792326437,352083,199438
d:79000-80000,79500,0.007536828093236897,0.006943725709486669,0.028189715537622107,0.026798661290618635,0.14180827388256828,0.13477034526220472,288474,163441
d:18000-19000,18500,0.007601234642588571,0.006991108689295873,0.02815751394019202,0.026321735201084502,0.14184959100090394,0.13408236091544615,1075308,601936
u:35000-36000,-35500,0.0075440259083373136,0.006977317825900993,0.028299519487453285,0.026521135070323353,0.1396676454885211,0.13198713434710618,749200,420344
u:20000-21000,-20500,0.00747021393874829,0.006893551346069439,0.028094834872046077,0.0259328202785893,0.13985782987119608,0.13260281921570993,1241189,696222
d:78000-79000,78500,0.008095449881244037,0.007463347620966334,0.028838140259314415,0.026577852794020133,0.1402900550599101,0.13341370787871482,292772,165890
d:1000-2000,1500,0.0068093721265632965,0.006278629965415851,0.02822007429746845,0.026458732429072204,0.14071993735683183,0.13410037644557016,7667556,4277378
u:77000-78000,-77500,0.00788828809650033,0.007303146330916678,0.02791442867086031,0.02578079100260186,0.14235885852364505,0.13502158890619317,380735,214462
u:22000-23000,-22500,0.0075045573956871985,0.006928848745614021,0.02811793425876715,0.02613171673702232,0.14107610957472683,0.1333804697427737,1110110,620893
d:63000-64000,63500,0.008050687748534718,0.00732488742434785,0.02907893255264047,0.026699925168371164,0.14476691813984913,0.13647293589423795,355240,200450
u:6000-7000,-6500,0.007097876914960707,0.006539871249138571,0.028054569847940726,0.0261286951547964,0.14075845490657246,0.13355701998816452,2812982,1566477
d:92000-93000,92500,0.008139796076884613,0.007531290218608917,0.02837323298191494,0.02649422580046536,0.13929412144728925,0.13343468516694504,247663,140106
d:33000-34000,33500,0.007832596219044346,0.007188900526821974,0.028544727055533847,0.026728246969424746,0.14244728095576994,0.1353058053879242,673049,378476
d:16000-17000,16500,0.007462867981775869,0.006900356089698824,0.02876972893641711,0.026738899464688427,0.14166563528908854,0.13415432227608642,1139253,637199
d:55000-56000,55500,0.008019243993103655,0.007522086165377024,0.028669164764856543,0.026808219480433486,0.1423342933737281,0.13597898779438056,401372,226535
u:70000-71000,-70500,0.00789501928845852,0.007365229167113873,0.028714415864814605,0.027321653396698172,0.14193717473510803,0.1345246750483216,400635,225572
d:6000-7000,6500,0.007246440044716003,0.006672168767610302,0.028379378272420108,0.02646754944926848,0.14119001637822085,0.13400952675390232,2481344,1381163
u:90000-91000,-90500,0.007797510802795758,0.0073520287491965165,0.028666413247170706,0.02703116895364738,0.14192492113985422,0.13492007356061678,299898,169656
d:25000-26000,25500,0.007934840509743005,0.007322740504980245,0.02853304227866994,0.026364971298892002,0.14194378323877782,0.13398745160859699,805347,449460
u:40000-41000,-40500,0.00780052101959939,0.00723672591506238,0.028711712656557906,0.026407967032967033,0.14049916373652457,0.1327340070643642,724652,407680
d:68000-69000,68500,0.008048017497986526,0.007577368780626403,0.02890489968280901,0.027389205595439427,0.1421471487632084,0.13497485636206838,315898,178574
u:32000-33000,-32500,0.007743221634597796,0.007185188296039638,0.027790845451162397,0.02604071768000117,0.1400870190023475,0.13281519970344494,854526,477483
d:7000-8000,7500,0.007341668044704341,0.006797365151553991,0.028311152592194553,0.026435479244527552,0.14110342709008059,0.1340986306578209,2128949,1188819
u:75000-76000,-75500,0.008072674376547863,0.0074449957768544526,0.028525376714896168,0.0265942578764525,0.14253192393232875,0.1354647783590003,400170,225387
u:68000-69000,-68500,0.0077985894660665646,0.007223268391106906,0.028621396695211677,0.02657318814328638,0.14083463997105294,0.13364587550876894,414550,234635
d:97000-98000,97500,0.007939139473599149,0.007327047221040273,0.028772182176681642,0.026941385334663073,0.1414689530335844,0.13403498348434373,247496,141381
d:44000-45000,44500,0.00788690353320299,0.007248100396590417,0.028434107074094522,0.026465262070821303,0.1421175626860411,0.13381720860211926,490819,275002
u:65000-66000,-65500,0.0077259111760974416,0.007191843543662103,0.027851458885941646,0.02590565139602449,0.1408115780166597,0.133701557703987,429780,243692
d:45000-46000,45500,0.00794211630867771,0.007406506985454354,0.02853425952062444,0.026914186914186913,0.14247288733978883,0.13638001638001637,488886,274725
u:44000-45000,-44500,0.007805594261297955,0.007203599349622469,0.028658980216233046,0.026463535054309494,0.1421702096564608,0.1347185780787135,629506,354450
u:69000-70000,-69500,0.007942907665555062,0.007295124622362512,0.02842610893263178,0.026878164139678258,0.14095099761897217,0.1341616840248505,410327,231303
d:34000-35000,34500,0.007693450432233038,0.007139655877939944,0.028002714318027595,0.02660513332701928,0.14037548066048405,0.1340502656208295,618940,348429
d:75000-76000,75500,0.008197760301938516,0.0077079561299452665,0.02908648838561439,0.027332937920126532,0.1428984506897742,0.13689534730459998,321627,182088
u:38000-39000,-38500,0.007759237399629012,0.0072348415795620985,0.028642606105943626,0.02641820049136091,0.14113254950669735,0.1342910507873857,708490,397264
d:31000-32000,31500,0.007739223548305719,0.007111327712278189,0.02825643016269493,0.026113505837092398,0.14074067823308356,0.1339738564383342,711024,399257
d:67000-68000,67500,0.008079492840041735,0.0073495291407456,0.02814646427611156,0.02573025984639782,0.14169477646598713,0.1343721416084389,327288,184763
d:12000-13000,12500,0.007453567941074436,0.006865536398376849,0.028208983911268897,0.026547250436232822,0.1413063755695501,0.1335536746683808,1415152,790289
u:86000-87000,-86500,0.007600400464385375,0.007125181805828514,0.027895886678099086,0.025989144888318595,0.13905659047663793,0.13209812027546528,340552,193273
u:13000-14000,-13500,0.007349006025375137,0.006752426520258685,0.028288847955117324,0.026143537454526657,0.14055633811295312,0.1327778531628339,1661220,928566
u:62000-63000,-62500,0.0077676617020125864,0.007213827149002108,0.027904257011535767,0.025926405903383926,0.1404435443995855,0.13336357191318732,465162,262358
d:9000-10000,9500,0.007312940673938059,0.006652645532396993,0.02857758894733787,0.026649058246280468,0.14187069291987206,0.13455405191516304,1808795,1010880
d:91000-92000,91500,0.008020499620697157,0.007487671438105687,0.028214605979746725,0.02617258190202026,0.13997579522174347,0.1317387636288697,274326,155277
u:7000-8000,-7500,0.007164668111287962,0.006594644267614553,0.028058540086284233,0.026267696846367948,0.14052708060900052,0.1332290970166464,2474612,1378918
u:95000-96000,-95500,0.007754745752275534,0.0071780431023829114,0.029193957147088834,0.027859454656992362,0.14380051045291475,0.13740401497683669,334213,189092
u:79000-80000,-79500,0.008028953621336895,0.007512211670543828,0.028809242633353726,0.027341334285268963,0.14399783731485566,0.13688264544252438,351415,198893
d:88000-89000,88500,0.007677323005812529,0.007091560697358235,0.028172602174712996,0.026336536617587523,0.14137656340351884,0.1339981391120297,247297,140793
u:81000-82000,-81500,0.007754407099845778,0.007228143551926478,0.02840768167806399,0.026867076199189648,0.14164275000295268,0.1347849954254346,338676,191275
u:36000-37000,-36500,0.007531580782918837,0.0069595864881451626,0.0283290984563021,0.026485156619067442,0.14246624553895693,0.1354449740176521,762714,427598
d:70000-71000,70500,0.00813756042340297,0.007691631642974585,0.028703962734293167,0.02732572818876673,0.1407450539012537,0.13454564234397595,307414,174268
d:35000-36000,35500,0.008011091012635856,0.007348322997799208,0.028436493788261956,0.026464325548382735,0.1422101073753161,0.13504088097659597,578904,325457
u:74000-75000,-74500,0.00802395522692473,0.007566365426340058,0.02826022502067631,0.026208439135735697,0.14305145930538,0.13602445754306197,384498,218174
u:85000-86000,-85500,0.007827866537473875,0.007216122474614767,0.028619389636478716,0.026223759193414835,0.14220259225625362,0.13451366226681605,363390,205310
u:84000-85000,-84500,0.007895045008824316,0.007377926603603505,0.028507858179669224,0.026824797217882553,0.14353058440019933,0.13717115923172543,367197,206749
u:9000-10000,-9500,0.007164447147875036,0.0066630585324079375,0.02774061490462443,0.02600620457772419,0.14024121407191242,0.13316305157820768,2107091,1176873
d:71000-72000,71500,0.0077251681587864034,0.0072598068338260305,0.028245697020011392,0.026196790425676596,0.13964533598478632,0.13403826102724511,310773,176472
u:60000-61000,-60500,0.007886840286977437,0.00734445135870046,0.02792221893199092,0.025839123613134597,0.14112525910571513,0.13405665135044267,506550,285536
d:48000-49000,48500,0.007936867213554223,0.0073409846505011755,0.028680558148524788,0.026398491514770583,0.14288444093997027,0.13503692646134507,455291,254560
d:53000-54000,53500,0.00820879588157694,0.007553740040383535,0.028949402549319835,0.02693956551630518,0.14129573193247108,0.13489488227077065,406226,228363
u:88000-89000,-88500,0.007742753113323803,0.0072433326247486555,0.02803980609210625,0.026280650643360038,0.14264474374672031,0.1355746099009027,320152,181236
d:4000-5000,4500,0.00704819882828888,0.006506436774517172,0.028340283199331035,0.02647055079269403,0.14107796306642642,0.13398889791092758,3243228,1806687
d:28000-29000,28500,0.007765477327993175,0.0072220663572495555,0.02830972405978727,0.02661231001442505,0.14110983429139404,0.1328155599499422,747517,418716
u:57000-58000,-57500,0.007681925694058543,0.00708377775586787,0.0287121295362148,0.026318403723887374,0.14190248823805576,0.13448001816530428,500555,281856
d:37000-38000,37500,0.0078651840411008,0.007264857858890453,0.028056794806721342,0.026330190643309638,0.1420020436513237,0.1346072628855248,598928,336230
u:78000-79000,-78500,0.007765332144634268,0.00722812613132799,0.027880867473876265,0.025909988680991855,0.14001078122408359,0.13340848788132914,385856,218217
d:56000-57000,56500,0.008109130644055173,0.007684552663020364,0.02826331892458251,0.026640458724632467,0.1438690246942227,0.13653823918601216,418033,233517
u:45000-46000,-45500,0.007771110603843698,0.00713896201566024,0.028286539529944043,0.0262590723961506,0.14194529621751367,0.13414990589565753,651582,366083
d:65000-66000,65500,0.00783152002063075,0.007261769575567383,0.028621649600335152,0.026607763847415346,0.14281377409297483,0.13590739365708515,329401,187201
u:8000-9000,-8500,0.007218621781407537,0.006722457210793541,0.02791631081541776,0.025987328089820464,0.14027963757648607,0.1334334520177665,2276232,1271158
d:62000-63000,62500,0.007758286506952926,0.007239938764511324,0.028722563187193843,0.02652206489788861,0.14193380117531032,0.13485331693915584,368073,208204
d:98000-99000,98500,0.007657725139361057,0.007203367659999525,0.028601573972370842,0.027154228509854356,0.1424803253453645,0.13563905592825612,254007,143845
d:66000-67000,66500,0.007967649386056123,0.007358034202224805,0.028763794500008617,0.02717981072555205,0.1417336404841647,0.135197476340694,348146,198125
u:54000-55000,-54500,0.007786780758282093,0.007115546954922988,0.028159699589329797,0.026005844773684925,0.14266656277971088,0.135354084545331,526213,294280
u:46000-47000,-46500,0.007642906407930941,0.0070384674571795135,0.028650708522927896,0.02635905548199035,0.1406502954677184,0.1328646884044447,600404,337569
d:36000-37000,36500,0.00777786860249903,0.007280586871142995,0.02836741295765297,0.02682864411627452,0.14300231525783708,0.1359436390732963,590431,332145
u:97000-98000,-97500,0.0076493920241010645,0.007073191102072625,0.02803033419728199,0.025775777285699634,0.14109447209994377,0.13287316652286454,291684,165737
d:19000-20000,19500,0.007516560340713912,0.007059427895862784,0.02833487921842266,0.02658886974090801,0.14205558746576288,0.1348273710482529,962771,538496
u:55000-56000,-55500,0.0075344879969607625,0.007093798991496264,0.028296449867333644,0.026342579082030852,0.1427585091915436,0.13535396037924083,525755,294694
u:2000-3000,-2500,0.006804267766036791,0.006296888157286355,0.02805116766545608,0.026373932990678698,0.14040163701409286,0.13371114297388942,5603617,3125207
d:85000-86000,85500,0.00803036804317852,0.00733259639242035,0.028272471288938686,0.02665441176470588,0.14076159867907004,0.1334415415102211,271324,153408
u:21000-22000,-21500,0.007449682072699158,0.006898081800887761,0.02778931442016648,0.0257394578313253,0.14050001726986225,0.13311897590361446,1187039,664000
u:80000-81000,-80500,0.007727140699430694,0.00704855050559223,0.028468543046357615,0.026537497684124306,0.14223509933774833,0.13431591469776602,362400,205106
u:18000-19000,-18500,0.007414152975113145,0.006849552153324752,0.027812411292460034,0.02572638546107247,0.13945099736680736,0.13226806147632936,1275258,713120
d:38000-39000,38500,0.008016057445411366,0.007446844900155595,0.02874469137212968,0.026599033050645954,0.14334143202189323,0.13591820559562495,560173,315425
u:3000-4000,-3500,0.006931694327738637,0.006440107448991963,0.02793118969271075,0.026073254241670535,0.14036109638281294,0.13361780529986234,4418931,2459762
d:60000-61000,60500,0.007935997878382707,0.007169335034646738,0.028382671985443347,0.026464363075794452,0.1424200433900203,0.1353355506758599,357225,201743
u:53000-54000,-53500,0.00779016247723063,0.007171667518498866,0.02861059577229234,0.02653809968715513,0.1405196443095932,0.13219567616486697,547105,307181
u:58000-59000,-58500,0.007992512843771424,0.007385929804660827,0.028545602458645937,0.02677096821371116,0.14174375043940263,0.13461819712421658,497835,280341
u:34000-35000,-34500,0.0075182144514885346,0.0069135751607584655,0.028173335822174038,0.025897044401109515,0.14030029738237032,0.13182212250637698,782158,439471
d:90000-91000,90500,0.007798371296355635,0.007447208312229173,0.027772482717571864,0.025674090637839618,0.1438730534169996,0.1362654246891055,257053,145789
u:87000-88000,-87500,0.007948103144450318,0.007368952077025655,0.02904947711547084,0.02694638094164748,0.14299043902911915,0.13611652256980783,330092,186333
d:43000-44000,43500,0.00806596982552245,0.007409107864303785,0.028686276289668838,0.02687770852820723,0.1423993306469755,0.13464078390980974,506758,285441
u:11000-12000,-11500,0.007248702110250026,0.006687973164199556,0.028120759947022612,0.026250619118375434,0.1407354876175611,0.1332333051277056,1852866,1031709
u:29000-30000,-29500,0.0075634926875737755,0.006957561880984576,0.02821895347891418,0.02637014229206838,0.14033168802147325,0.13258046323041864,934372,524836
u:17000-18000,-17500,0.007346783158344856,0.006780278963240673,0.028175231424077123,0.026539188165516918,0.14038963749560932,0.13252383702813245,1375073,766979
u:64000-65000,-64500,0.00771320035382771,0.007188885633929987,0.028410621533830702,0.026864130177701392,0.14014511435714874,0.13272023462260135,449163,253684
d:15000-16000,15500,0.007466827011351822,0.006957802649908104,0.02831570760632916,0.02684559775811962,0.1414233220698007,0.13474128326585835,1204773,674077
d:30000-31000,30500,0.007481561908548922,0.006936440657513768,0.027762793329756664,0.025628529130474656,0.1416655030242454,0.13405651849231615,680335,381645
d:81000-82000,81500,0.007998205147765957,0.007444313540991198,0.029202189783798797,0.027685903092602947,0.14240062086990266,0.13518938909135,262857,148451
u:48000-49000,-48500,0.008039896520435675,0.007389640120778106,0.028577402941381475,0.026367601623553644,0.1426065107518016,0.13408856848609682,588227,330140
d:24000-25000,24500,0.0077421522082321585,0.007120312333060295,0.028427989252574486,0.026378699383881193,0.14151567665830977,0.13453559599700843,800936,449264
u:28000-29000,-28500,0.007808936655373851,0.007255509738758258,0.028166237783840902,0.026066684550080956,0.14105631200983218,0.13308733989358726,928381,518171
d:10000-11000,10500,0.007341407211715523,0.006790543763521375,0.028379434895598656,0.026574679629534647,0.14103802191539266,0.13358163431224157,1642316,916361
d:8000-9000,8500,0.007314532171532666,0.00675525443095734,0.02814573639568528,0.026331545766469497,0.14181913371044788,0.1348562562677606,1936812,1078934
d:87000-88000,87500,0.007866532743422493,0.007357946357823701,0.02767756528224793,0.026042634716840856,0.13915799884879487,0.13262227814077177,246698,139886
u:14000-15000,-14500,0.007419691886670038,0.006808905157384226,0.028252405130518524,0.026102231253148044,0.1409452874798839,0.13324414592925665,1562805,871573
u:51000-52000,-51500,0.007808629514441926,0.0072778535495203085,0.028184621652757876,0.026272250558503428,0.14086866728483521,0.1335734560534917,569424,320947
u:4000-5000,-4500,0.006936865115949333,0.006374605431298152,0.028000197549775785,0.026275561036687343,0.14060219020898063,0.13367380017904001,3624403,2017426
d:80000-81000,80500,0.007919162884254488,0.007249125230951468,0.029248087559104796,0.026905666551529806,0.14221496830028493,0.136031171790257,291643,165021
u:100000-101000,-100500,0.007922067896037334,0.007284059686751208,0.02866677823608746,0.02647637738127725,0.14432817160689498,0.13670752312328355,304743,172229
d:72000-73000,72500,0.008017272301696833,0.007426336902950709,0.028153517384775326,0.02643450247982751,0.1417003580917177,0.13498111457159898,346280,196183
d:32000-33000,32500,0.00787826561812544,0.007418864213907429,0.028579553319410925,0.026666238035153143,0.14191978767325272,0.13435454791430584,664636,373281
u:33000-34000,-33500,0.0077477431843122205,0.007144649896045008,0.02814185168314795,0.025947723580439914,0.14068232021197918,0.13249519405507898,816684,456726
u:56000-57000,-56500,0.00788233837232251,0.007335944729454697,0.028745520934484972,0.026661831271574593,0.14207321343729118,0.13458516339605917,528291,297804
u:25000-26000,-25500,0.007462545684043537,0.006858203689622337,0.027997138269041592,0.02594993275196321,0.14131157484631804,0.1333298624669183,1028748,576225
d:59000-60000,59500,0.007698253367917751,0.007305505813092958,0.0283515118561548,0.02692069024702605,0.14033836246137116,0.13260541406459733,400931,227223
u:26000-27000,-26500,0.007641183354393332,0.0070361996256489475,0.028398424577713827,0.026482045826984445,0.14066686977829662,0.13275702210850127,994527,556528
d:95000-96000,95500,0.007857190263373543,0.00732342628615657,0.028037732883811606,0.026553929625155938,0.14194733710761953,0.1361161165125443,267247,151503
u:94000-95000,-94500,0.007671919038890554,0.00707529356183277,0.0285135077038061,0.026373244534530188,0.1412215633815393,0.13365571159693065,302383,172675
d:41000-42000,41500,0.00790510913590275,0.007385303492411496,0.02831903910213609,0.026666754632210563,0.14067779995228064,0.1327136160765828,540661,303149
u:82000-83000,-82500,0.007905675895319137,0.0073852166138971935,0.028529325594010436,0.026774132353016577,0.14200265132725906,0.135296017719533,344733,195039
u:23000-24000,-23500,0.007539979874106315,0.006958164141013282,0.028154114783140668,0.026134365737730827,0.14142968208045126,0.13398608144197696,1098454,613713
u:39000-40000,-39500,0.00774871752348191,0.0072018558859751666,0.028142064724802088,0.026299756295694556,0.14016800693052922,0.13281884646628758,719137,403768
u:72000-73000,-72500,0.007939408493271032,0.0073448560652809814,0.02937528657441163,0.027142148701781728,0.14137921530601763,0.13406361800857214,399111,225848
u:59000-60000,-59500,0.007835193291933907,0.0072529373822576605,0.028644585351557086,0.02624728315432388,0.14182485712362025,0.13348739066567564,504982,283877
d:51000-52000,51500,0.007913544785479591,0.007371297539619114,0.02845733578601148,0.026468602844896997,0.14109856738519128,0.13409972592044372,435986,245914
d:100000-101000,100500,0.007727047984558228,0.0071309640411462835,0.028191674785702156,0.026185844680532696,0.14177623640247772,0.13454405128487837,223754,126977
d:29000-30000,29500,0.007829747114410618,0.007178284950889391,0.02836007551734052,0.026150424269047925,0.14182870367091888,0.13505919064462135,706063,396093
d:74000-75000,74500,0.00800696344590638,0.007437439026221706,0.028332637121988885,0.026279422378631814,0.14246699325307915,0.13519607459170943,315996,178733
u:61000-62000,-61500,0.0078067341285935395,0.007160987906973737,0.02822747848923598,0.026486532141650542,0.141757230726701,0.135146963973095,463024,260472
d:22000-23000,22500,0.007596505500841278,0.007074903089724472,0.02841979074368254,0.026356290881108118,0.1421782689784421,0.1348190599623337,882554,493810
u:43000-44000,-43500,0.00770015187196647,0.007027513479727854,0.027991623514163823,0.026051643756929695,0.13985911182848607,0.13238488358113254,666628,374295
d:61000-62000,61500,0.00798225148913512,0.007373009144619094,0.028411282577871653,0.026515741803259336,0.14173186453032266,0.13341455697696933,375907,211761
d:69000-70000,69500,0.0078705870876568,0.0072623249784214226,0.028601860655441756,0.0267904622125795,0.14150188352248794,0.13529236594133537,332356,188052
u:73000-74000,-73500,0.007999663629569227,0.007456746048064942,0.028495515758320274,0.02680210055784711,0.14261863300514718,0.1348827067395926,389921,220132
u:42000-43000,-42500,0.007868538823540723,0.0073550354059066705,0.028636621872440947,0.02652230880628922,0.14085180753292229,0.13299220743397008,645991,362525
d:26000-27000,26500,0.007668826152035816,0.007111217332102963,0.028561291916651355,0.026641727137512956,0.14150770068992607,0.1345292288276919,789215,443740
d:11000-12000,11500,0.007366728088544515,0.006761558736144831,0.028171447881093423,0.02614258571898123,0.14050780030003124,0.13299540869907797,1562504,873173
d:47000-48000,47500,0.008073877576136696,0.007500902049692352,0.028634589174562006,0.026731651421149083,0.14021590986654806,0.1318648976372391,454171,254829
u:66000-67000,-66500,0.007734840389301226,0.007008859832578191,0.029177223690530663,0.026812606487350715,0.1406798837190773,0.1332030587608304,439281,247682
d:94000-95000,94500,0.008241092536259936,0.007795387549589196,0.0290068729504682,0.026568340236387513,0.1435437961718932,0.1361970184578529,244873,138586
u:31000-32000,-31500,0.007698213264273091,0.0071625372343772946,0.027994561855399874,0.026228494087950048,0.14057510592615632,0.13345497874319118,858381,481728
u:67000-68000,-67500,0.007820270241754532,0.00726751773644993,0.028583352676509414,0.02662795623894136,0.14203518347881747,0.13457273157724225,426507,240762
u:47000-48000,-47500,0.007664277725672978,0.007167680493453646,0.0279547154240916,0.026332095060519273,0.1412967093895866,0.1337363192745111,620432,350219
u:76000-77000,-76500,0.007606400871581569,0.00697257854943598,0.028219607085309607,0.02549986964282133,0.14158399240656697,0.1341275093756894,351883,199452
d:84000-85000,84500,0.007502919728005768,0.006990713760258333,0.02823804483716196,0.026171459689339524,0.14190567158014303,0.13474055441744678,271159,154252
u:89000-90000,-89500,0.007904298655259268,0.0074346549808033775,0.028558462281690553,0.02677971011494015,0.14367067297135078,0.1364435800080696,341545,193318
d:23000-24000,23500,0.0076781736782048195,0.007132375835351304,0.02883779582242031,0.0265856104030827,0.14184284560636815,0.13448614562763808,875483,489701
d:2000-3000,2500,0.0069615146257803705,0.0064269463089502744,0.02849943056530585,0.026750597854564254,0.14119505465905222,0.13445151471769487,5091014,2835974
u:92000-93000,-92500,0.007949741738317955,0.00738811055620214,0.02836915387574591,0.026390366726014265,0.14189050156711766,0.13471202368285207,335329,189842
d:5000-6000,5500,0.007185025679100657,0.006616058124994474,0.02826440553386378,0.02637518339526989,0.14049936459035686,0.13339864343726063,2715571,1511762
d:73000-74000,73500,0.007945148222242803,0.007314266113375426,0.02795122938694156,0.025800399376796648,0.1404911319080023,0.13561256061969235,321095,182284
u:63000-64000,-63500,0.00781821879848166,0.007157488626812371,0.028786539615362282,0.026762329923868414,0.14205101406639442,0.13401751369567952,465009,262309
d:89000-90000,89500,0.008025162129927264,0.0073181420719520334,0.028072019976343805,0.026358122362869198,0.14240654863601374,0.13686708860759494,266315,151680
u:15000-16000,-15500,0.007422399087267178,0.006890513302441969,0.027957411110791235,0.02623177750049695,0.13997518794827898,0.13244856267677652,1493629,835094
d:17000-18000,17500,0.007574678788815212,0.006986327239058745,0.02848865935508535,0.02663939054650116,0.14151822906335543,0.13423110058499535,1109108,619834
d:50000-51000,50500,0.007962867392176472,0.007213435234050995,0.028490122528274396,0.026174728196842707,0.14170794559433403,0.13359588003635262,424147,237672
d:46000-47000,46500,0.008000628750300425,0.007503261663455919,0.028147152370195338,0.026232561192217604,0.14175669089640805,0.13486695025453174,432939,243781
d:52000-53000,52500,0.00797690707359546,0.007411340792717618,0.028432370982639794,0.026668352403228186,0.14197475309665347,0.13417620161409274,422230,237285
d:64000-65000,64500,0.008238251270911805,0.007743585648540473,0.029080019768798634,0.02693832053505078,0.14292899901448444,0.13607464288663199,341953,193776
u:5000-6000,-5500,0.0070947770798622965,0.006592158839058489,0.027936706656068015,0.02611385905850934,0.14016774071886634,0.13330633710105133,3054476,1701472
d:82000-83000,82500,0.007941425148914681,0.007495851675008175,0.029429516254359495,0.027487279142908282,0.14275646469939826,0.13617070239586795,276695,156436
d:40000-41000,40500,0.007568796539337671,0.007076461015523861,0.02830928836462096,0.026305057806994003,0.1397295506340439,0.13238272168642362,508561,286903
d:0-1000,500,0.006737724614838067,0.006209547552464444,0.028549393753964668,0.026835642733729,0.14097564933597265,0.13442659319590503,17476238,9574058
u:41000-42000,-41500,0.007831574935098397,0.007288152795602836,0.028419175014591496,0.026169830689206072,0.14106106988434006,0.13366348451852658,671624,376999
u:50000-51000,-50500,0.007701341146910898,0.007171868300865684,0.027659430931858162,0.025925121519227417,0.13952530950366976,0.13187703997821984,578103,326903
u:93000-94000,-93500,0.007669694483235023,0.007077225742146388,0.028535761676865123,0.026652099059727187,0.13975448239429977,0.13292389528980708,318022,181224
d:77000-78000,77500,0.008026219407193289,0.007588644969142621,0.028307261569514755,0.027195353384323422,0.1422688131785848,0.13593651158778539,307165,173890
d:76000-77000,76500,0.007882940265459812,0.0074771400583379145,0.028589007783684537,0.02672455545561475,0.14092017409930951,0.13364584054060288,307181,173436
u:37000-38000,-37500,0.007795329468633084,0.007139041031846536,0.02819360084174279,0.026426288609798853,0.14199626954899805,0.13379920184139496,752724,422723
d:57000-58000,57500,0.007762716556449302,0.007332077090660965,0.02850420957199979,0.026671141295228337,0.14182174192114327,0.1349497929012373,400397,226462
u:24000-25000,-24500,0.007478868443553901,0.006873582133867909,0.02817717049436053,0.02632646288853656,0.14063900540341662,0.13339713271500447,1065437,596662
d:58000-59000,58500,0.007813276246380042,0.007210835623135067,0.027974635396334446,0.026234780406981136,0.14206029848953486,0.1350162801337947,399612,225121
u:19000-20000,-19500,0.007389299315919268,0.006825810859367087,0.027740961246492443,0.0258094729370788,0.1400637039482393,0.13262989982658072,1223786,683315
u:52000-53000,-52500,0.007894270982037635,0.007266146215419331,0.02825593521869824,0.025954443072689404,0.14115347875239906,0.13341626692049371,570535,318327
u:99000-100000,-99500,0.007897788443463592,0.007566362430643353,0.028240927401370835,0.0268849541997168,0.14049103176613728,0.1330526421312482,280267,159606
d:83000-84000,83500,0.007962010872041674,0.007214394365169902,0.028714056772339604,0.026420934705322394,0.14008510324755466,0.13293356559579855,271435,154423
d:3000-4000,3500,0.0070297494694769634,0.006519517631724281,0.02834695183991327,0.026678812883291644,0.14032264352883028,0.13355062969019027,3975595,2216328
u:71000-72000,-71500,0.00771955360215019,0.007087315871323979,0.028622178364376465,0.026760907931293574,0.14178117676082397,0.1343200125810341,405350,228916
u:49000-50000,-49500,0.0076803800130956805,0.007192049381289274,0.02846940810263655,0.026697623911471877,0.14239604703273973,0.13520396684695063,591758,333363
